location,date,total_cases,new_cases,new_cases_smoothed,total_deaths,new_deaths,new_deaths_smoothed,total_cases_per_million,new_cases_per_million,new_cases_smoothed_per_million,total_deaths_per_million,new_deaths_per_million,new_deaths_smoothed_per_million,reproduction_rate,icu_patients,icu_patients_per_million,hosp_patients,hosp_patients_per_million,weekly_icu_admissions,weekly_icu_admissions_per_million,weekly_hosp_admissions,weekly_hosp_admissions_per_million,new_tests,total_tests,total_tests_per_thousand,new_tests_per_thousand,new_tests_smoothed,new_tests_smoothed_per_thousand,positive_rate,tests_per_case,tests_units,total_vaccinations,total_vaccinations_per_hundred,stringency_index,population,population_density,median_age,aged_65_older,aged_70_older,gdp_per_capita,extreme_poverty,cardiovasc_death_rate,diabetes_prevalence,female_smokers,male_smokers,handwashing_facilities,hospital_beds_per_thousand,life_expectancy,human_development_index
Germany,2020-03-01,130,51,16.286,,,0,1.552,0.609,0.194,,,0,,,,,,,,177.621,2.12,,,,,,,,,,,,25,83783945,237.016,46.6,21.453,15.957,45229.245,,156.139,8.31,28.2,33.1,,8,81.33,0.936
Germany,2020-03-02,159,29,20.429,,,0,1.898,0.346,0.244,,,0,2.9,,,,,,,,,,,,,,,,,,,,25,83783945,237.016,46.6,21.453,15.957,45229.245,,156.139,8.31,28.2,33.1,,8,81.33,0.936
Germany,2020-03-03,196,37,25.571,,,0,2.339,0.442,0.305,,,0,2.93,,,,,,,,,,,,,,,,,,,,25,83783945,237.016,46.6,21.453,15.957,45229.245,,156.139,8.31,28.2,33.1,,8,81.33,0.936
Germany,2020-03-04,262,66,33.571,,,0,3.127,0.788,0.401,,,0,3,,,,,,,,,,,,,,,,,,,,25,83783945,237.016,46.6,21.453,15.957,45229.245,,156.139,8.31,28.2,33.1,,8,81.33,0.936
Germany,2020-03-05,482,220,62.286,,,0,5.753,2.626,0.743,,,0,3.08,,,,,,,,,,,,,,,,,,,,25,83783945,237.016,46.6,21.453,15.957,45229.245,,156.139,8.31,28.2,33.1,,8,81.33,0.936
Germany,2020-03-06,670,188,88.857,,,0,7.997,2.244,1.061,,,0,3.02,,,,,,,,,,,,,,,,,,,,25,83783945,237.016,46.6,21.453,15.957,45229.245,,156.139,8.31,28.2,33.1,,8,81.33,0.936
Germany,2020-03-07,799,129,102.857,,,0,9.536,1.54,1.228,,,0,2.95,,,,,,,,,,,,,,,,,,,,25,83783945,237.016,46.6,21.453,15.957,45229.245,,156.139,8.31,28.2,33.1,,8,81.33,0.936
Germany,2020-03-08,1040,241,130,,,0,12.413,2.876,1.552,,,0,2.92,,,,,,,334.049,3.987,,124716,1.489,,,,0.031,32.3,tests performed,,,25,83783945,237.016,46.6,21.453,15.957,45229.245,,156.139,8.31,28.2,33.1,,8,81.33,0.936
Germany,2020-03-09,1176,136,145.286,2,2,0.286,14.036,1.623,1.734,0.024,0.024,0.003,2.88,,,,,,,,,,,,,,,,,tests performed,,,28.7,83783945,237.016,46.6,21.453,15.957,45229.245,,156.139,8.31,28.2,33.1,,8,81.33,0.936
Germany,2020-03-10,1457,281,180.143,2,0,0.286,17.39,3.354,2.15,0.024,0,0.003,2.9,,,,,,,,,,,,,,,,,tests performed,,,32.87,83783945,237.016,46.6,21.453,15.957,45229.245,,156.139,8.31,28.2,33.1,,8,81.33,0.936
Germany,2020-03-11,1908,451,235.143,3,1,0.429,22.773,5.383,2.807,0.036,0.012,0.005,2.92,,,,,,,,,,,,,,,,,tests performed,,,32.87,83783945,237.016,46.6,21.453,15.957,45229.245,,156.139,8.31,28.2,33.1,,8,81.33,0.936
Germany,2020-03-12,2078,170,228,3,0,0.429,24.802,2.029,2.721,0.036,0,0.005,2.93,,,,,,,,,,,,,,,,,tests performed,,,32.87,83783945,237.016,46.6,21.453,15.957,45229.245,,156.139,8.31,28.2,33.1,,8,81.33,0.936
Germany,2020-03-13,3675,1597,429.286,7,4,1,43.863,19.061,5.124,0.084,0.048,0.012,3,,,,,,,,,,,,,,,,,tests performed,,,32.87,83783945,237.016,46.6,21.453,15.957,45229.245,,156.139,8.31,28.2,33.1,,8,81.33,0.936
Germany,2020-03-14,4585,910,540.857,9,2,1.286,54.724,10.861,6.455,0.107,0.024,0.015,2.9,,,,,,,,,,,,,,,,,tests performed,,,32.87,83783945,237.016,46.6,21.453,15.957,45229.245,,156.139,8.31,28.2,33.1,,8,81.33,0.936
Germany,2020-03-15,5795,1210,679.286,11,2,1.571,69.166,14.442,8.108,0.131,0.024,0.019,2.81,,,,,,,929.484,11.094,,252173,3.01,,18208,0.217,0.059,16.9,tests performed,,,32.87,83783945,237.016,46.6,21.453,15.957,45229.245,,156.139,8.31,28.2,33.1,,8,81.33,0.936
Germany,2020-03-16,7272,1477,870.857,17,6,2.143,86.795,17.629,10.394,0.203,0.072,0.026,2.73,,,,,,,,,,,,,22722,0.271,,,tests performed,,,42.13,83783945,237.016,46.6,21.453,15.957,45229.245,,156.139,8.31,28.2,33.1,,8,81.33,0.936
Germany,2020-03-17,9257,1985,1114.286,24,7,3.143,110.487,23.692,13.3,0.286,0.084,0.038,2.66,,,,,,,,,,,,,27235,0.325,,,tests performed,,,42.13,83783945,237.016,46.6,21.453,15.957,45229.245,,156.139,8.31,28.2,33.1,,8,81.33,0.936
Germany,2020-03-18,12327,3070,1488.429,28,4,3.571,147.128,36.642,17.765,0.334,0.048,0.043,2.58,,,,,,,,,,,,,31749,0.379,,,tests performed,,,52.31,83783945,237.016,46.6,21.453,15.957,45229.245,,156.139,8.31,28.2,33.1,,8,81.33,0.936
Germany,2020-03-19,15320,2993,1891.714,44,16,5.857,182.851,35.723,22.578,0.525,0.191,0.07,2.47,,,,,,,,,,,,,36262,0.433,,,tests performed,,,55.09,83783945,237.016,46.6,21.453,15.957,45229.245,,156.139,8.31,28.2,33.1,,8,81.33,0.936
Germany,2020-03-20,19848,4528,2310.429,67,23,8.571,236.895,54.044,27.576,0.8,0.275,0.102,2.36,200,2.387,,,,,,,,,,,40776,0.487,,,tests performed,,,57.87,83783945,237.016,46.6,21.453,15.957,45229.245,,156.139,8.31,28.2,33.1,,8,81.33,0.936
Germany,2020-03-21,22213,2365,2518.286,84,17,10.714,265.122,28.227,30.057,1.003,0.203,0.128,2.23,308,3.676,,,,,,,,,,,45289,0.541,,,tests performed,,,68.06,83783945,237.016,46.6,21.453,15.957,45229.245,,156.139,8.31,28.2,33.1,,8,81.33,0.936
Germany,2020-03-22,24873,2660,2725.429,94,10,11.857,296.871,31.748,32.529,1.122,0.119,0.142,2.13,364,4.345,,,,,2353.481,28.09,,600792,7.171,,49803,0.594,0.068,14.7,tests performed,,,76.85,83783945,237.016,46.6,21.453,15.957,45229.245,,156.139,8.31,28.2,33.1,,8,81.33,0.936
Germany,2020-03-23,29056,4183,3112,123,29,15.143,346.797,49.926,37.143,1.468,0.346,0.181,2.05,451,5.383,,,,,,,,,,,50066,0.598,,,tests performed,,,76.85,83783945,237.016,46.6,21.453,15.957,45229.245,,156.139,8.31,28.2,33.1,,8,81.33,0.936
Germany,2020-03-24,32986,3930,3389.857,157,34,19,393.703,46.906,40.46,1.874,0.406,0.227,1.97,616,7.352,,,,,,,,,,,50329,0.601,,,tests performed,,,76.85,83783945,237.016,46.6,21.453,15.957,45229.245,,156.139,8.31,28.2,33.1,,8,81.33,0.936
Germany,2020-03-25,37323,4337,3570.857,206,49,25.429,445.467,51.764,42.62,2.459,0.585,0.304,1.89,789,9.417,,,,,,,,,,,50592,0.604,,,tests performed,,,76.85,83783945,237.016,46.6,21.453,15.957,45229.245,,156.139,8.31,28.2,33.1,,8,81.33,0.936
Germany,2020-03-26,43938,6615,4088.286,267,61,31.857,524.42,78.953,48.796,3.187,0.728,0.38,1.83,824,9.835,,,,,,,,,,,50855,0.607,,,tests performed,,,76.85,83783945,237.016,46.6,21.453,15.957,45229.245,,156.139,8.31,28.2,33.1,,8,81.33,0.936
Germany,2020-03-27,50871,6933,4431.857,342,75,39.286,607.169,82.749,52.896,4.082,0.895,0.469,1.75,905,10.802,,,,,,,,,,,51119,0.61,,,tests performed,,,76.85,83783945,237.016,46.6,21.453,15.957,45229.245,,156.139,8.31,28.2,33.1,,8,81.33,0.936
Germany,2020-03-28,57695,6824,5068.857,433,91,49.857,688.616,81.448,60.499,5.168,1.086,0.595,1.66,1001,11.947,,,,,,,,,,,51382,0.613,,,tests performed,,,76.85,83783945,237.016,46.6,21.453,15.957,45229.245,,156.139,8.31,28.2,33.1,,8,81.33,0.936
Germany,2020-03-29,62095,4400,5317.429,533,100,62.714,741.132,52.516,63.466,6.362,1.194,0.749,1.57,1063,12.687,,,,,4472.825,53.385,,962307,11.486,,51645,0.616,0.087,11.5,tests performed,,,76.85,83783945,237.016,46.6,21.453,15.957,45229.245,,156.139,8.31,28.2,33.1,,8,81.33,0.936
Germany,2020-03-30,66885,4790,5404.143,645,112,74.571,798.303,57.171,64.501,7.698,1.337,0.89,1.49,1203,14.358,,,,,,,,,,,52601,0.628,,,tests performed,,,76.85,83783945,237.016,46.6,21.453,15.957,45229.245,,156.139,8.31,28.2,33.1,,8,81.33,0.936
Germany,2020-03-31,71808,4923,5546,775,130,88.286,857.062,58.758,66.194,9.25,1.552,1.054,1.42,1550,18.5,,,,,,,,,,,53557,0.639,,,tests performed,,,76.85,83783945,237.016,46.6,21.453,15.957,45229.245,,156.139,8.31,28.2,33.1,,8,81.33,0.936
Germany,2020-04-01,77872,6064,5792.714,920,145,102,929.438,72.377,69.139,10.981,1.731,1.217,1.37,1784,21.293,,,,,,,,,,,54512,0.651,,,tests performed,,,76.85,83783945,237.016,46.6,21.453,15.957,45229.245,,156.139,8.31,28.2,33.1,,8,81.33,0.936
Germany,2020-04-02,84794,6922,5836.571,1107,187,120,1012.055,82.617,69.662,13.213,2.232,1.432,1.31,2102,25.088,,,,,,,,,,,55468,0.662,,,tests performed,,,76.85,83783945,237.016,46.6,21.453,15.957,45229.245,,156.139,8.31,28.2,33.1,,8,81.33,0.936
Germany,2020-04-03,91159,6365,5755.429,1275,168,133.286,1088.025,75.969,68.694,15.218,2.005,1.591,1.24,2361,28.18,,,,,,,,,,,56424,0.673,,,tests performed,,,76.85,83783945,237.016,46.6,21.453,15.957,45229.245,,156.139,8.31,28.2,33.1,,8,81.33,0.936
Germany,2020-04-04,96092,4933,5485.286,1444,169,144.429,1146.902,58.878,65.469,17.235,2.017,1.724,1.18,2471,29.493,,,,,,,,,,,57380,0.685,,,tests performed,,,76.85,83783945,237.016,46.6,21.453,15.957,45229.245,,156.139,8.31,28.2,33.1,,8,81.33,0.936
Germany,2020-04-05,100123,4031,5432.571,1584,140,150.143,1195.014,48.112,64.84,18.906,1.671,1.792,1.12,2528,30.173,,,,,4167.034,49.735,,1370655,16.359,,58335,0.696,0.09,11.1,tests performed,,,76.85,83783945,237.016,46.6,21.453,15.957,45229.245,,156.139,8.31,28.2,33.1,,8,81.33,0.936
Germany,2020-04-06,103374,3251,5212.714,1810,226,166.429,1233.816,38.802,62.216,21.603,2.697,1.986,1.07,2551,30.447,,,,,,,,,,,57761,0.689,,,tests performed,,,76.85,83783945,237.016,46.6,21.453,15.957,45229.245,,156.139,8.31,28.2,33.1,,8,81.33,0.936
Germany,2020-04-07,107663,4289,5122.143,2016,206,177.286,1285.008,51.191,61.135,24.062,2.459,2.116,1.03,2641,31.522,,,,,,,,,,,57186,0.683,,,tests performed,,,76.85,83783945,237.016,46.6,21.453,15.957,45229.245,,156.139,8.31,28.2,33.1,,8,81.33,0.936
Germany,2020-04-08,113296,5633,5060.571,2349,333,204.143,1352.24,67.232,60.4,28.036,3.975,2.437,1,2654,31.677,,,,,,,,,,,56612,0.676,,,tests performed,,,76.85,83783945,237.016,46.6,21.453,15.957,45229.245,,156.139,8.31,28.2,33.1,,8,81.33,0.936
Germany,2020-04-09,118181,4885,4769.571,2607,258,214.286,1410.545,58.305,56.927,31.116,3.079,2.558,0.96,2714,32.393,,,,,,,,,,,56037,0.669,,,tests performed,,,76.85,83783945,237.016,46.6,21.453,15.957,45229.245,,156.139,8.31,28.2,33.1,,8,81.33,0.936
Germany,2020-04-10,122171,3990,4430.286,2767,160,213.143,1458.167,47.622,52.878,33.025,1.91,2.544,0.92,2702,32.25,,,,,,,,,,,55463,0.662,,,tests performed,,,76.85,83783945,237.016,46.6,21.453,15.957,45229.245,,156.139,8.31,28.2,33.1,,8,81.33,0.936
Germany,2020-04-11,124908,2737,4116.571,2736,-31,184.571,1490.835,32.667,49.133,32.655,-0.37,2.203,0.88,2652,31.653,,,,,,,,,,,54888,0.655,,,tests performed,,,76.85,83783945,237.016,46.6,21.453,15.957,45229.245,,156.139,8.31,28.2,33.1,,8,81.33,0.936
Germany,2020-04-12,127854,2946,3961.571,3022,286,205.429,1525.996,35.162,47.283,36.069,3.414,2.452,0.85,2652,31.653,,,,,3050.846,36.413,,1750852,20.897,,54314,0.648,0.081,12.3,tests performed,,,76.85,83783945,237.016,46.6,21.453,15.957,45229.245,,156.139,8.31,28.2,33.1,,8,81.33,0.936
Germany,2020-04-13,130072,2218,3814,3194,172,197.714,1552.469,26.473,45.522,38.122,2.053,2.36,0.82,2719,32.453,,,,,,,,,,,53328,0.636,,,tests performed,,,76.85,83783945,237.016,46.6,21.453,15.957,45229.245,,156.139,8.31,28.2,33.1,,8,81.33,0.936
Germany,2020-04-14,131359,1287,3385.143,3294,100,182.571,1567.83,15.361,40.403,39.315,1.194,2.179,0.8,2722,32.488,,,,,,,,,,,52343,0.625,,,tests performed,,,76.85,83783945,237.016,46.6,21.453,15.957,45229.245,,156.139,8.31,28.2,33.1,,8,81.33,0.936
Germany,2020-04-15,134753,3394,3065.286,3804,510,207.857,1608.339,40.509,36.586,45.402,6.087,2.481,0.8,2735,32.643,,,,,,,,,,,51357,0.613,,,tests performed,,,76.85,83783945,237.016,46.6,21.453,15.957,45229.245,,156.139,8.31,28.2,33.1,,8,81.33,0.936
Germany,2020-04-16,137698,2945,2788.143,4052,248,206.429,1643.489,35.15,33.278,48.362,2.96,2.464,0.79,2810,33.539,,,,,,,,,,,50371,0.601,,,tests performed,,,76.85,83783945,237.016,46.6,21.453,15.957,45229.245,,156.139,8.31,28.2,33.1,,8,81.33,0.936
Germany,2020-04-17,141397,3699,2746.571,4352,300,226.429,1687.638,44.149,32.782,51.943,3.581,2.703,0.77,2879,34.362,,,,,,,,,,,49386,0.589,,,tests performed,,,76.85,83783945,237.016,46.6,21.453,15.957,45229.245,,156.139,8.31,28.2,33.1,,8,81.33,0.936
Germany,2020-04-18,143342,1945,2633.429,4459,107,246.143,1710.853,23.214,31.431,53.22,1.277,2.938,0.75,2928,34.947,,,,,,,,,,,48400,0.578,,,tests performed,,,76.85,83783945,237.016,46.6,21.453,15.957,45229.245,,156.139,8.31,28.2,33.1,,8,81.33,0.936
Germany,2020-04-19,145184,1842,2475.714,4586,127,223.429,1732.838,21.985,29.549,54.736,1.516,2.667,0.74,2870,34.255,,,,,2142.556,25.572,,2082754,24.859,,47415,0.566,0.067,14.9,tests performed,,,76.85,83783945,237.016,46.6,21.453,15.957,45229.245,,156.139,8.31,28.2,33.1,,8,81.33,0.936
Germany,2020-04-20,147065,1881,2427.571,4862,276,238.286,1755.289,22.451,28.974,58.03,3.294,2.844,0.73,2900,34.613,,,,,,,,,,,48067,0.574,,,tests performed,,,76.85,83783945,237.016,46.6,21.453,15.957,45229.245,,156.139,8.31,28.2,33.1,,8,81.33,0.936
Germany,2020-04-21,148291,1226,2418.857,5033,171,248.429,1769.921,14.633,28.87,60.071,2.041,2.965,0.72,2855,34.076,,,,,,,,,,,48720,0.581,,,tests performed,,,76.85,83783945,237.016,46.6,21.453,15.957,45229.245,,156.139,8.31,28.2,33.1,,8,81.33,0.936
Germany,2020-04-22,150648,2357,2270.714,5279,246,210.714,1798.053,28.132,27.102,63.007,2.936,2.515,0.72,2739,32.691,,,,,,,,,,,49373,0.589,,,tests performed,,,76.85,83783945,237.016,46.6,21.453,15.957,45229.245,,156.139,8.31,28.2,33.1,,8,81.33,0.936
Germany,2020-04-23,153129,2481,2204.429,5575,296,217.571,1827.665,29.612,26.311,66.54,3.533,2.597,0.71,2720,32.464,,,,,,,,,,,50026,0.597,,,tests performed,,,76.85,83783945,237.016,46.6,21.453,15.957,45229.245,,156.139,8.31,28.2,33.1,,8,81.33,0.936
Germany,2020-04-24,154999,1870,1943.143,5760,185,201.143,1849.985,22.319,23.192,68.748,2.208,2.401,0.7,2644,31.557,,,,,,,,,,,50679,0.605,,,tests performed,,,76.85,83783945,237.016,46.6,21.453,15.957,45229.245,,156.139,8.31,28.2,33.1,,8,81.33,0.936
Germany,2020-04-25,156513,1514,1881.571,5877,117,202.571,1868.055,18.07,22.457,70.145,1.396,2.418,0.69,2538,30.292,,,,,,,,,,,51331,0.613,,,tests performed,,,76.85,83783945,237.016,46.6,21.453,15.957,45229.245,,156.139,8.31,28.2,33.1,,8,81.33,0.936
Germany,2020-04-26,157770,1257,1798,5976,99,198.571,1883.058,15.003,21.46,71.326,1.182,2.37,0.68,2524,30.125,,,,,1499.688,17.899,,2446644,29.202,,51984,0.62,0.05,20,tests performed,,,76.85,83783945,237.016,46.6,21.453,15.957,45229.245,,156.139,8.31,28.2,33.1,,8,81.33,0.936
Germany,2020-04-27,158758,988,1670.429,6126,150,180.571,1894.85,11.792,19.937,73.117,1.79,2.155,0.67,2466,29.433,,,,,,,,,,,51227,0.611,,,tests performed,,,76.85,83783945,237.016,46.6,21.453,15.957,45229.245,,156.139,8.31,28.2,33.1,,8,81.33,0.936
Germany,2020-04-28,159912,1154,1660.143,6314,188,183,1908.623,13.774,19.815,75.361,2.244,2.184,0.67,2391,28.538,,,,,,,,,,,50470,0.602,,,tests performed,,,76.85,83783945,237.016,46.6,21.453,15.957,45229.245,,156.139,8.31,28.2,33.1,,8,81.33,0.936
Germany,2020-04-29,161539,1627,1555.857,6467,153,169.714,1928.042,19.419,18.57,77.187,1.826,2.026,0.68,2310,27.571,,,,,,,,,,,49713,0.593,,,tests performed,,,76.85,83783945,237.016,46.6,21.453,15.957,45229.245,,156.139,8.31,28.2,33.1,,8,81.33,0.936
Germany,2020-04-30,163009,1470,1411.429,6623,156,149.714,1945.588,17.545,16.846,79.049,1.862,1.787,0.67,2235,26.676,,,,,,,,,,,48956,0.584,,,tests performed,,,76.85,83783945,237.016,46.6,21.453,15.957,45229.245,,156.139,8.31,28.2,33.1,,8,81.33,0.936
Germany,2020-05-01,164077,1068,1296.857,6736,113,139.429,1958.335,12.747,15.479,80.397,1.349,1.664,0.67,2118,25.279,,,,,,,,,,,48198,0.575,,,tests performed,,,76.85,83783945,237.016,46.6,21.453,15.957,45229.245,,156.139,8.31,28.2,33.1,,8,81.33,0.936
Germany,2020-05-02,164967,890,1207.714,6812,76,133.571,1968.957,10.623,14.415,81.304,0.907,1.594,0.66,2046,24.42,,,,,,,,,,,47441,0.566,,,tests performed,,,76.85,83783945,237.016,46.6,21.453,15.957,45229.245,,156.139,8.31,28.2,33.1,,8,81.33,0.936
Germany,2020-05-03,165664,697,1127.714,6866,54,127.143,1977.276,8.319,13.46,81.949,0.645,1.518,0.66,2011,24.002,,,,,993.064,11.853,,2773432,33.102,,46684,0.557,0.039,25.6,tests performed,,,75.46,83783945,237.016,46.6,21.453,15.957,45229.245,,156.139,8.31,28.2,33.1,,8,81.33,0.936
Germany,2020-05-04,166152,488,1056.286,6993,127,123.857,1983.101,5.825,12.607,83.465,1.516,1.478,0.67,1976,23.584,,,,,,,,,,,48257,0.576,,,tests performed,,,71.76,83783945,237.016,46.6,21.453,15.957,45229.245,,156.139,8.31,28.2,33.1,,8,81.33,0.936
Germany,2020-05-05,167007,855,1013.571,6993,0,97,1993.306,10.205,12.097,83.465,0,1.158,0.68,1903,22.713,,,,,,,,,,,49830,0.595,,,tests performed,,,71.76,83783945,237.016,46.6,21.453,15.957,45229.245,,156.139,8.31,28.2,33.1,,8,81.33,0.936
Germany,2020-05-06,168162,1155,946.143,7275,282,115.429,2007.091,13.785,11.293,86.83,3.366,1.378,0.7,1820,21.723,,,,,,,,,,,51404,0.614,,,tests performed,,,66.2,83783945,237.016,46.6,21.453,15.957,45229.245,,156.139,8.31,28.2,33.1,,8,81.33,0.936
Germany,2020-05-07,169430,1268,917.286,7392,117,109.857,2022.225,15.134,10.948,88.227,1.396,1.311,0.71,1763,21.042,,,,,,,,,,,52977,0.632,,,tests performed,,,64.35,83783945,237.016,46.6,21.453,15.957,45229.245,,156.139,8.31,28.2,33.1,,8,81.33,0.936
Germany,2020-05-08,170588,1158,930.143,7510,118,110.571,2036.046,13.821,11.102,89.635,1.408,1.32,0.71,1659,19.801,,,,,,,,,,,54550,0.651,,,tests performed,,,64.35,83783945,237.016,46.6,21.453,15.957,45229.245,,156.139,8.31,28.2,33.1,,8,81.33,0.936
Germany,2020-05-09,171324,736,908.143,7549,39,105.286,2044.831,8.784,10.839,90.101,0.465,1.257,0.7,1594,19.025,,,,,,,,,,,56123,0.67,,,tests performed,,,64.35,83783945,237.016,46.6,21.453,15.957,45229.245,,156.139,8.31,28.2,33.1,,8,81.33,0.936
Germany,2020-05-10,171879,555,887.857,7569,20,100.429,2051.455,6.624,10.597,90.34,0.239,1.199,0.7,1603,19.133,,,,,751.863,8.974,,3177307,37.923,,57696,0.689,0.027,37,tests performed,,,64.35,83783945,237.016,46.6,21.453,15.957,45229.245,,156.139,8.31,28.2,33.1,,8,81.33,0.936
Germany,2020-05-11,172576,697,917.714,7661,92,95.429,2059.774,8.319,10.953,91.438,1.098,1.139,0.71,1587,18.942,,,,,,,,,,,58272,0.696,,,tests performed,,,64.35,83783945,237.016,46.6,21.453,15.957,45229.245,,156.139,8.31,28.2,33.1,,8,81.33,0.936
Germany,2020-05-12,173171,595,880.571,7738,77,106.429,2066.876,7.102,10.51,92.357,0.919,1.27,0.71,1496,17.855,,,,,,,,,,,58847,0.702,,,tests performed,,,64.35,83783945,237.016,46.6,21.453,15.957,45229.245,,156.139,8.31,28.2,33.1,,8,81.33,0.936
Germany,2020-05-13,174098,927,848,7861,123,83.714,2077.94,11.064,10.121,93.825,1.468,0.999,0.72,1384,16.519,,,,,,,,,,,59423,0.709,,,tests performed,,,64.35,83783945,237.016,46.6,21.453,15.957,45229.245,,156.139,8.31,28.2,33.1,,8,81.33,0.936
Germany,2020-05-14,174478,380,721.143,7884,23,70.286,2082.475,4.535,8.607,94.099,0.275,0.839,0.72,1316,15.707,,,,,,,,,,,59999,0.716,,,tests performed,,,64.35,83783945,237.016,46.6,21.453,15.957,45229.245,,156.139,8.31,28.2,33.1,,8,81.33,0.936
Germany,2020-05-15,175233,755,663.571,7897,13,55.286,2091.487,9.011,7.92,94.254,0.155,0.66,0.73,1232,14.704,,,,,,,,,,,60574,0.723,,,tests performed,,,64.35,83783945,237.016,46.6,21.453,15.957,45229.245,,156.139,8.31,28.2,33.1,,8,81.33,0.936
Germany,2020-05-16,175752,519,632.571,7938,41,55.571,2097.681,6.195,7.55,94.744,0.489,0.663,0.74,1173,14,,,,,,,,,,,61150,0.73,,,tests performed,,,61.57,83783945,237.016,46.6,21.453,15.957,45229.245,,156.139,8.31,28.2,33.1,,8,81.33,0.936
Germany,2020-05-17,176369,617,641.429,7962,24,56.143,2105.045,7.364,7.656,95.03,0.286,0.67,0.75,1125,13.427,,,,,473.32,5.649,,3609383,43.08,,61725,0.737,0.016,62.5,tests performed,,,61.57,83783945,237.016,46.6,21.453,15.957,45229.245,,156.139,8.31,28.2,33.1,,8,81.33,0.936
Germany,2020-05-18,176551,182,567.857,8003,41,48.857,2107.218,2.172,6.778,95.519,0.489,0.583,0.76,1122,13.392,,,,,,,,,,,60137,0.718,,,tests performed,,,61.57,83783945,237.016,46.6,21.453,15.957,45229.245,,156.139,8.31,28.2,33.1,,8,81.33,0.936
Germany,2020-05-19,177778,1227,658.143,8081,78,49,2121.862,14.645,7.855,96.45,0.931,0.585,0.78,1087,12.974,,,,,,,,,,,58549,0.699,,,tests performed,,,59.72,83783945,237.016,46.6,21.453,15.957,45229.245,,156.139,8.31,28.2,33.1,,8,81.33,0.936
Germany,2020-05-20,178473,695,625,8144,63,40.429,2130.158,8.295,7.46,97.202,0.752,0.483,0.78,1019,12.162,,,,,,,,,,,56961,0.68,,,tests performed,,,59.72,83783945,237.016,46.6,21.453,15.957,45229.245,,156.139,8.31,28.2,33.1,,8,81.33,0.936
Germany,2020-05-21,179021,548,649,8203,59,45.571,2136.698,6.541,7.746,97.907,0.704,0.544,0.77,999,11.924,,,,,,,,,,,55373,0.661,,,tests performed,,,59.72,83783945,237.016,46.6,21.453,15.957,45229.245,,156.139,8.31,28.2,33.1,,8,81.33,0.936
Germany,2020-05-22,179710,689,639.571,8228,25,47.286,2144.922,8.224,7.634,98.205,0.298,0.564,0.77,971,11.589,,,,,,,,,,,53785,0.642,,,tests performed,,,59.72,83783945,237.016,46.6,21.453,15.957,45229.245,,156.139,8.31,28.2,33.1,,8,81.33,0.936
Germany,2020-05-23,179986,276,604.857,8261,33,46.143,2148.216,3.294,7.219,98.599,0.394,0.551,0.75,928,11.076,,,,,,,,,,,52197,0.623,,,tests performed,,,59.72,83783945,237.016,46.6,21.453,15.957,45229.245,,156.139,8.31,28.2,33.1,,8,81.33,0.936
Germany,2020-05-24,180328,342,565.571,8283,22,45.857,2152.298,4.082,6.75,98.861,0.263,0.547,0.75,896,10.694,,,,,364.325,4.348,,3963643,47.308,,50609,0.604,0.015,66.7,tests performed,,,59.72,83783945,237.016,46.6,21.453,15.957,45229.245,,156.139,8.31,28.2,33.1,,8,81.33,0.936
Germany,2020-05-25,180600,272,578.429,8309,26,43.714,2155.544,3.246,6.904,99.172,0.31,0.522,0.76,883,10.539,,,,,,,,,,,51574,0.616,,,tests performed,,,59.72,83783945,237.016,46.6,21.453,15.957,45229.245,,156.139,8.31,28.2,33.1,,8,81.33,0.936
Germany,2020-05-26,181200,600,488.857,8372,63,41.571,2162.706,7.161,5.835,99.924,0.752,0.496,0.77,810,9.668,,,,,,,,,,,52540,0.627,,,tests performed,,,59.72,83783945,237.016,46.6,21.453,15.957,45229.245,,156.139,8.31,28.2,33.1,,8,81.33,0.936
Germany,2020-05-27,181524,324,435.857,8428,56,40.571,2166.573,3.867,5.202,100.592,0.668,0.484,0.78,749,8.94,,,,,,,,,,,53506,0.639,,,tests performed,,,59.72,83783945,237.016,46.6,21.453,15.957,45229.245,,156.139,8.31,28.2,33.1,,8,81.33,0.936
Germany,2020-05-28,182196,672,453.571,8470,42,38.143,2174.593,8.021,5.414,101.093,0.501,0.455,0.79,723,8.629,,,,,,,,,,,54472,0.65,,,tests performed,,,59.72,83783945,237.016,46.6,21.453,15.957,45229.245,,156.139,8.31,28.2,33.1,,8,81.33,0.936
Germany,2020-05-29,182922,726,458.857,8504,34,39.429,2183.258,8.665,5.477,101.499,0.406,0.471,0.79,722,8.617,,,,,,,,,,,55438,0.662,,,tests performed,,,59.72,83783945,237.016,46.6,21.453,15.957,45229.245,,156.139,8.31,28.2,33.1,,8,81.33,0.936
Germany,2020-05-30,183189,267,457.571,8530,26,38.429,2186.445,3.187,5.461,101.809,0.31,0.459,0.78,711,8.486,,,,,,,,,,,56404,0.673,,,tests performed,,,59.72,83783945,237.016,46.6,21.453,15.957,45229.245,,156.139,8.31,28.2,33.1,,8,81.33,0.936
Germany,2020-05-31,183410,221,440.286,8540,10,36.714,2189.083,2.638,5.255,101.929,0.119,0.438,0.77,697,8.319,,,,,301.754,3.602,,4365232,52.101,,57370,0.685,0.011,90.9,tests performed,,,59.72,83783945,237.016,46.6,21.453,15.957,45229.245,,156.139,8.31,28.2,33.1,,8,81.33,0.936
Germany,2020-06-01,183594,184,427.714,8555,15,35.143,2191.279,2.196,5.105,102.108,0.179,0.419,0.78,696,8.307,,,,,,,,,,,56056,0.669,,,tests performed,,,59.72,83783945,237.016,46.6,21.453,15.957,45229.245,,156.139,8.31,28.2,33.1,,8,81.33,0.936
Germany,2020-06-02,183879,285,382.714,8563,8,27.286,2194.681,3.402,4.568,102.203,0.095,0.326,0.79,691,8.247,,,,,,,,,,,54742,0.653,,,tests performed,,,59.72,83783945,237.016,46.6,21.453,15.957,45229.245,,156.139,8.31,28.2,33.1,,8,81.33,0.936
Germany,2020-06-03,184121,242,371,8602,39,24.857,2197.569,2.888,4.428,102.669,0.465,0.297,0.81,631,7.531,,,,,,,,,,,53429,0.638,,,tests performed,,,59.72,83783945,237.016,46.6,21.453,15.957,45229.245,,156.139,8.31,28.2,33.1,,8,81.33,0.936
Germany,2020-06-04,184472,351,325.143,8635,33,23.571,2201.758,4.189,3.881,103.063,0.394,0.281,0.84,595,7.102,,,,,,,,,,,52115,0.622,,,tests performed,,,59.72,83783945,237.016,46.6,21.453,15.957,45229.245,,156.139,8.31,28.2,33.1,,8,81.33,0.936
Germany,2020-06-05,184924,452,286,8658,23,22,2207.153,5.395,3.414,103.337,0.275,0.263,0.86,584,6.97,,,,,,,,,,,50801,0.606,,,tests performed,,,59.72,83783945,237.016,46.6,21.453,15.957,45229.245,,156.139,8.31,28.2,33.1,,8,81.33,0.936
Germany,2020-06-06,185450,526,323,8673,15,20.429,2213.431,6.278,3.855,103.516,0.179,0.244,0.87,561,6.696,,,,,,,,,,,49488,0.591,,,tests performed,,,59.72,83783945,237.016,46.6,21.453,15.957,45229.245,,156.139,8.31,28.2,33.1,,8,81.33,0.936
Germany,2020-06-07,185750,300,334.286,8685,12,20.714,2217.012,3.581,3.99,103.659,0.143,0.247,0.88,566,6.755,,,,,227.073,2.71,,4702449,56.126,,48174,0.575,0.009,111.1,tests performed,,,59.72,83783945,237.016,46.6,21.453,15.957,45229.245,,156.139,8.31,28.2,33.1,,8,81.33,0.936
Germany,2020-06-08,186109,359,359.286,8695,10,20,2221.297,4.285,4.288,103.779,0.119,0.239,0.89,543,6.481,,,,,,,,,,,47969,0.573,,,tests performed,,,59.72,83783945,237.016,46.6,21.453,15.957,45229.245,,156.139,8.31,28.2,33.1,,8,81.33,0.936
Germany,2020-06-09,186506,397,375.286,8736,41,24.714,2226.035,4.738,4.479,104.268,0.489,0.295,0.89,516,6.159,,,,,,,,,,,47765,0.57,,,tests performed,,,59.72,83783945,237.016,46.6,21.453,15.957,45229.245,,156.139,8.31,28.2,33.1,,8,81.33,0.936
Germany,2020-06-10,186522,16,343,8752,16,21.429,2226.226,0.191,4.094,104.459,0.191,0.256,0.9,483,5.765,,,,,,,,,,,47560,0.568,,,tests performed,,,59.72,83783945,237.016,46.6,21.453,15.957,45229.245,,156.139,8.31,28.2,33.1,,8,81.33,0.936
Germany,2020-06-11,186691,169,317,8772,20,19.571,2228.243,2.017,3.784,104.698,0.239,0.234,0.93,452,5.395,,,,,,,,,,,47356,0.565,,,tests performed,,,59.72,83783945,237.016,46.6,21.453,15.957,45229.245,,156.139,8.31,28.2,33.1,,8,81.33,0.936
Germany,2020-06-12,187226,535,328.857,8783,11,17.857,2234.629,6.385,3.925,104.829,0.131,0.213,0.97,450,5.371,,,,,,,,,,,47151,0.563,,,tests performed,,,59.72,83783945,237.016,46.6,21.453,15.957,45229.245,,156.139,8.31,28.2,33.1,,8,81.33,0.936
Germany,2020-06-13,187267,41,259.571,8793,10,17.143,2235.118,0.489,3.098,104.949,0.119,0.205,0.98,441,5.264,,,,,,,,,,,46947,0.56,,,tests performed,,,59.72,83783945,237.016,46.6,21.453,15.957,45229.245,,156.139,8.31,28.2,33.1,,8,81.33,0.936
Germany,2020-06-14,187518,251,252.571,8801,8,16.571,2238.114,2.996,3.015,105.044,0.095,0.198,1.03,438,5.228,,,,,278.542,3.325,,5029645,60.031,,46742,0.558,0.009,111.1,tests performed,,,59.72,83783945,237.016,46.6,21.453,15.957,45229.245,,156.139,8.31,28.2,33.1,,8,81.33,0.936
Germany,2020-06-15,187682,164,224.714,8807,6,16,2240.071,1.957,2.682,105.116,0.072,0.191,1.08,434,5.18,,,,,,,,,,,47949,0.572,,,tests performed,,,59.72,83783945,237.016,46.6,21.453,15.957,45229.245,,156.139,8.31,28.2,33.1,,8,81.33,0.936
Germany,2020-06-16,188252,570,249.429,8820,13,12,2246.874,6.803,2.977,105.271,0.155,0.143,1.14,421,5.025,,,,,,,,,,,49155,0.587,,,tests performed,,,59.72,83783945,237.016,46.6,21.453,15.957,45229.245,,156.139,8.31,28.2,33.1,,8,81.33,0.936
Germany,2020-06-17,188604,352,297.429,8851,31,14.143,2251.076,4.201,3.55,105.641,0.37,0.169,1.18,407,4.858,,,,,,,,,,,50362,0.601,,,tests performed,,,59.72,83783945,237.016,46.6,21.453,15.957,45229.245,,156.139,8.31,28.2,33.1,,8,81.33,0.936
Germany,2020-06-18,189817,1213,446.571,8875,24,14.714,2265.553,14.478,5.33,105.927,0.286,0.176,1.23,394,4.703,,,,,,,,,,,51568,0.615,,,tests performed,,,63.43,83783945,237.016,46.6,21.453,15.957,45229.245,,156.139,8.31,28.2,33.1,,8,81.33,0.936
Germany,2020-06-19,190299,482,439,8887,12,14.857,2271.306,5.753,5.24,106.07,0.143,0.177,1.19,374,4.464,,,,,,,,,,,52775,0.63,,,tests performed,,,63.43,83783945,237.016,46.6,21.453,15.957,45229.245,,156.139,8.31,28.2,33.1,,8,81.33,0.936
Germany,2020-06-20,190670,371,486.143,8895,8,14.571,2275.734,4.428,5.802,106.166,0.095,0.174,1.17,359,4.285,,,,,,,,,,,53981,0.644,,,tests performed,,,63.43,83783945,237.016,46.6,21.453,15.957,45229.245,,156.139,8.31,28.2,33.1,,8,81.33,0.936
Germany,2020-06-21,191272,602,536.286,8895,0,13.429,2282.919,7.185,6.401,106.166,0,0.16,1.15,350,4.177,,,,,248.266,2.963,,5415961,64.642,,55188,0.659,0.014,71.4,tests performed,,,63.43,83783945,237.016,46.6,21.453,15.957,45229.245,,156.139,8.31,28.2,33.1,,8,81.33,0.936
Germany,2020-06-22,191768,496,583.714,8899,4,13.143,2288.839,5.92,6.967,106.214,0.048,0.157,1.13,363,4.333,,,,,,,,,,,56786,0.678,,,tests performed,,,63.43,83783945,237.016,46.6,21.453,15.957,45229.245,,156.139,8.31,28.2,33.1,,8,81.33,0.936
Germany,2020-06-23,192480,712,604,8914,15,13.429,2297.338,8.498,7.209,106.393,0.179,0.16,1.11,358,4.273,,,,,,,,,,,58384,0.697,,,tests performed,,,63.43,83783945,237.016,46.6,21.453,15.957,45229.245,,156.139,8.31,28.2,33.1,,8,81.33,0.936
Germany,2020-06-24,192871,391,609.571,8928,14,11,2302.004,4.667,7.276,106.56,0.167,0.131,1.08,353,4.213,,,,,,,,,,,59982,0.716,,,tests performed,,,63.43,83783945,237.016,46.6,21.453,15.957,45229.245,,156.139,8.31,28.2,33.1,,8,81.33,0.936
Germany,2020-06-25,193371,500,507.714,8940,12,9.286,2307.972,5.968,6.06,106.703,0.143,0.111,1.06,358,4.273,,,,,,,,,,,61581,0.735,,,tests performed,,,63.43,83783945,237.016,46.6,21.453,15.957,45229.245,,156.139,8.31,28.2,33.1,,8,81.33,0.936
Germany,2020-06-26,194036,665,533.857,8965,25,11.143,2315.909,7.937,6.372,107.001,0.298,0.133,1.04,359,4.285,,,,,,,,,,,63179,0.754,,,tests performed,,,63.43,83783945,237.016,46.6,21.453,15.957,45229.245,,156.139,8.31,28.2,33.1,,8,81.33,0.936
Germany,2020-06-27,194458,422,541.143,8968,3,10.429,2320.946,5.037,6.459,107.037,0.036,0.124,1.01,343,4.094,,,,,,,,,,,64777,0.773,,,tests performed,,,63.43,83783945,237.016,46.6,21.453,15.957,45229.245,,156.139,8.31,28.2,33.1,,8,81.33,0.936
Germany,2020-06-28,194693,235,488.714,8968,0,10.429,2323.751,2.805,5.833,107.037,0,0.124,0.99,335,3.998,,,,,216.98,2.59,,5880587,70.188,,66375,0.792,0.008,125,tests performed,,,63.43,83783945,237.016,46.6,21.453,15.957,45229.245,,156.139,8.31,28.2,33.1,,8,81.33,0.936
Germany,2020-06-29,195042,349,467.714,8976,8,11,2327.916,4.165,5.582,107.133,0.095,0.131,0.98,329,3.927,,,,,,,,,,,67229,0.802,,,tests performed,,,63.43,83783945,237.016,46.6,21.453,15.957,45229.245,,156.139,8.31,28.2,33.1,,8,81.33,0.936
Germany,2020-06-30,195418,376,419.714,8990,14,10.857,2332.404,4.488,5.009,107.3,0.167,0.13,0.97,333,3.975,,,,,,,,,,,68083,0.813,,,tests performed,,,63.43,83783945,237.016,46.6,21.453,15.957,45229.245,,156.139,8.31,28.2,33.1,,8,81.33,0.936
Germany,2020-07-01,195893,475,431.714,8995,5,9.571,2338.073,5.669,5.153,107.359,0.06,0.114,0.97,324,3.867,,,,,,,,,,,68936,0.823,,,tests performed,,,63.43,83783945,237.016,46.6,21.453,15.957,45229.245,,156.139,8.31,28.2,33.1,,8,81.33,0.936
Germany,2020-07-02,196370,477,428.429,9006,11,9.429,2343.766,5.693,5.113,107.491,0.131,0.113,0.97,325,3.879,,,,,,,,,,,69790,0.833,,,tests performed,,,63.43,83783945,237.016,46.6,21.453,15.957,45229.245,,156.139,8.31,28.2,33.1,,8,81.33,0.936
Germany,2020-07-03,196780,410,392,9010,4,6.429,2348.66,4.894,4.679,107.539,0.048,0.077,0.96,314,3.748,,,,,,,,,,,70644,0.843,,,tests performed,,,63.43,83783945,237.016,46.6,21.453,15.957,45229.245,,156.139,8.31,28.2,33.1,,8,81.33,0.936
Germany,2020-07-04,197198,418,391.429,9020,10,7.429,2353.649,4.989,4.672,107.658,0.119,0.089,0.96,320,3.819,,,,,,,,,,,71498,0.853,,,tests performed,,,63.43,83783945,237.016,46.6,21.453,15.957,45229.245,,156.139,8.31,28.2,33.1,,8,81.33,0.936
Germany,2020-07-05,197523,325,404.286,9023,3,7.857,2357.528,3.879,4.825,107.694,0.036,0.094,0.95,299,3.569,,,,,208.907,2.493,,6387046,76.232,,72351,0.864,0.006,166.7,tests performed,,,63.43,83783945,237.016,46.6,21.453,15.957,45229.245,,156.139,8.31,28.2,33.1,,8,81.33,0.936
Germany,2020-07-06,198064,541,431.714,9022,-1,6.571,2363.985,6.457,5.153,107.682,-0.012,0.078,0.95,305,3.64,,,,,,,,,,,72435,0.865,,,tests performed,,,63.43,83783945,237.016,46.6,21.453,15.957,45229.245,,156.139,8.31,28.2,33.1,,8,81.33,0.936
Germany,2020-07-07,198343,279,417.857,9032,10,6,2367.315,3.33,4.987,107.801,0.119,0.072,0.95,292,3.485,,,,,,,,,,,72518,0.866,,,tests performed,,,55.09,83783945,237.016,46.6,21.453,15.957,45229.245,,156.139,8.31,28.2,33.1,,8,81.33,0.936
Germany,2020-07-08,198699,356,400.857,9046,14,7.286,2371.564,4.249,4.784,107.968,0.167,0.087,0.95,287,3.425,,,,,,,,,,,72602,0.867,,,tests performed,,,55.09,83783945,237.016,46.6,21.453,15.957,45229.245,,156.139,8.31,28.2,33.1,,8,81.33,0.936
Germany,2020-07-09,199001,302,375.857,9057,11,7.286,2375.169,3.605,4.486,108.099,0.131,0.087,0.95,272,3.246,,,,,,,,,,,72685,0.868,,,tests performed,,,55.09,83783945,237.016,46.6,21.453,15.957,45229.245,,156.139,8.31,28.2,33.1,,8,81.33,0.936
Germany,2020-07-10,199332,331,364.571,9063,6,7.571,2379.119,3.951,4.351,108.171,0.072,0.09,0.96,276,3.294,,,,,,,,,,,72769,0.869,,,tests performed,,,55.09,83783945,237.016,46.6,21.453,15.957,45229.245,,156.139,8.31,28.2,33.1,,8,81.33,0.936
Germany,2020-07-11,199709,377,358.714,9070,7,7.143,2383.619,4.5,4.281,108.255,0.084,0.085,0.97,253,3.02,,,,,,,,,,,72852,0.87,,,tests performed,,,55.09,83783945,237.016,46.6,21.453,15.957,45229.245,,156.139,8.31,28.2,33.1,,8,81.33,0.936
Germany,2020-07-12,199919,210,342.286,9071,1,6.857,2386.125,2.506,4.085,108.267,0.012,0.082,0.98,254,3.032,,,,,218.999,2.614,,6897597,82.326,,72936,0.871,0.006,166.7,tests performed,,,55.09,83783945,237.016,46.6,21.453,15.957,45229.245,,156.139,8.31,28.2,33.1,,8,81.33,0.936
Germany,2020-07-13,200180,261,302.286,9074,3,7.429,2389.241,3.115,3.608,108.302,0.036,0.089,1,263,3.139,,,,,,,,,,,73510,0.877,,,tests performed,,,55.09,83783945,237.016,46.6,21.453,15.957,45229.245,,156.139,8.31,28.2,33.1,,8,81.33,0.936
Germany,2020-07-14,200456,276,301.857,9078,4,6.571,2392.535,3.294,3.603,108.35,0.048,0.078,1.04,256,3.055,,,,,,,,,,,74085,0.884,,,tests performed,,,55.09,83783945,237.016,46.6,21.453,15.957,45229.245,,156.139,8.31,28.2,33.1,,8,81.33,0.936
Germany,2020-07-15,200890,434,313,9080,2,4.857,2397.715,5.18,3.736,108.374,0.024,0.058,1.07,246,2.936,,,,,,,,,,,74659,0.891,,,tests performed,,,55.09,83783945,237.016,46.6,21.453,15.957,45229.245,,156.139,8.31,28.2,33.1,,8,81.33,0.936
Germany,2020-07-16,201450,560,349.857,9087,7,4.286,2404.399,6.684,4.176,108.458,0.084,0.051,1.1,251,2.996,,,,,,,,,,,75234,0.898,,,tests performed,,,55.09,83783945,237.016,46.6,21.453,15.957,45229.245,,156.139,8.31,28.2,33.1,,8,81.33,0.936
Germany,2020-07-17,202045,595,387.571,9088,1,3.571,2411.5,7.102,4.626,108.469,0.012,0.043,1.12,246,2.936,,,,,,,,,,,75808,0.905,,,tests performed,,,55.09,83783945,237.016,46.6,21.453,15.957,45229.245,,156.139,8.31,28.2,33.1,,8,81.33,0.936
Germany,2020-07-18,202426,381,388.143,9091,3,3,2416.048,4.547,4.633,108.505,0.036,0.036,1.13,246,2.936,,,,,,,,,,,76383,0.912,,,tests performed,,,55.09,83783945,237.016,46.6,21.453,15.957,45229.245,,156.139,8.31,28.2,33.1,,8,81.33,0.936
Germany,2020-07-19,202735,309,402.286,9092,1,3,2419.736,3.688,4.801,108.517,0.012,0.036,1.13,249,2.972,,,,,252.303,3.011,,7436298,88.756,,76957,0.919,0.006,166.7,tests performed,,,55.09,83783945,237.016,46.6,21.453,15.957,45229.245,,156.139,8.31,28.2,33.1,,8,81.33,0.936
Germany,2020-07-20,203325,590,449.286,9094,2,2.857,2426.778,7.042,5.362,108.541,0.024,0.034,1.16,245,2.924,,,,,,,,,,,77258,0.922,,,tests performed,,,55.09,83783945,237.016,46.6,21.453,15.957,45229.245,,156.139,8.31,28.2,33.1,,8,81.33,0.936
Germany,2020-07-21,203717,392,465.857,9099,5,3,2431.456,4.679,5.56,108.601,0.06,0.036,1.17,251,2.996,,,,,,,,,,,77558,0.926,,,tests performed,,,55.09,83783945,237.016,46.6,21.453,15.957,45229.245,,156.139,8.31,28.2,33.1,,8,81.33,0.936
Germany,2020-07-22,204276,559,483.714,9102,3,3.143,2438.128,6.672,5.773,108.637,0.036,0.038,1.19,248,2.96,,,,,,,,,,,77859,0.929,,,tests performed,,,55.09,83783945,237.016,46.6,21.453,15.957,45229.245,,156.139,8.31,28.2,33.1,,8,81.33,0.936
Germany,2020-07-23,204881,605,490.143,9110,8,3.286,2445.349,7.221,5.85,108.732,0.095,0.039,1.2,234,2.793,,,,,,,,,,,78160,0.933,,,tests performed,,,55.09,83783945,237.016,46.6,21.453,15.957,45229.245,,156.139,8.31,28.2,33.1,,8,81.33,0.936
Germany,2020-07-24,205623,742,511.143,9120,10,4.571,2454.205,8.856,6.101,108.851,0.119,0.055,1.21,235,2.805,,,,,,,,,,,78460,0.936,,,tests performed,,,55.09,83783945,237.016,46.6,21.453,15.957,45229.245,,156.139,8.31,28.2,33.1,,8,81.33,0.936
Germany,2020-07-25,206278,655,550.286,9124,4,4.714,2462.023,7.818,6.568,108.899,0.048,0.056,1.2,247,2.948,,,,,,,,,,,78761,0.94,,,tests performed,,,55.09,83783945,237.016,46.6,21.453,15.957,45229.245,,156.139,8.31,28.2,33.1,,8,81.33,0.936
Germany,2020-07-26,206667,389,561.714,9124,0,4.571,2466.666,4.643,6.704,108.899,0,0.055,1.2,265,3.163,,,,,289.644,3.457,,7989727,95.361,,79061,0.944,0.008,125,tests performed,,,55.09,83783945,237.016,46.6,21.453,15.957,45229.245,,156.139,8.31,28.2,33.1,,8,81.33,0.936
Germany,2020-07-27,207112,445,541,9125,1,4.429,2471.977,5.311,6.457,108.911,0.012,0.053,1.2,257,3.067,,,,,,,,,,,79739,0.952,,,tests performed,,,55.09,83783945,237.016,46.6,21.453,15.957,45229.245,,156.139,8.31,28.2,33.1,,8,81.33,0.936
Germany,2020-07-28,207707,595,570,9131,6,4.571,2479.079,7.102,6.803,108.983,0.072,0.055,1.22,253,3.02,,,,,,,,,,,80416,0.96,,,tests performed,,,55.09,83783945,237.016,46.6,21.453,15.957,45229.245,,156.139,8.31,28.2,33.1,,8,81.33,0.936
Germany,2020-07-29,208546,839,610,9135,4,4.714,2489.093,10.014,7.281,109.03,0.048,0.056,1.24,255,3.044,,,,,,,,,,,81093,0.968,,,tests performed,,,55.09,83783945,237.016,46.6,21.453,15.957,45229.245,,156.139,8.31,28.2,33.1,,8,81.33,0.936
Germany,2020-07-30,209535,989,664.857,9144,9,4.857,2500.897,11.804,7.935,109.138,0.107,0.058,1.24,260,3.103,,,,,,,,,,,81771,0.976,,,tests performed,,,55.09,83783945,237.016,46.6,21.453,15.957,45229.245,,156.139,8.31,28.2,33.1,,8,81.33,0.936
Germany,2020-07-31,210399,864,682.286,9147,3,3.857,2511.209,10.312,8.143,109.174,0.036,0.046,1.23,259,3.091,,,,,,,,,,,82448,0.984,,,tests performed,,,57.87,83783945,237.016,46.6,21.453,15.957,45229.245,,156.139,8.31,28.2,33.1,,8,81.33,0.936
Germany,2020-08-01,211005,606,675.286,9154,7,4.286,2518.442,7.233,8.06,109.257,0.084,0.051,1.22,255,3.044,,,,,,,,,,,83125,0.992,,,tests performed,,,57.87,83783945,237.016,46.6,21.453,15.957,45229.245,,156.139,8.31,28.2,33.1,,8,81.33,0.936
Germany,2020-08-02,211220,215,650.429,9154,0,4.286,2521.008,2.566,7.763,109.257,0,0.051,1.21,267,3.187,,,,,329.003,3.927,,8576347,102.363,,83803,1,0.01,100,tests performed,,,57.87,83783945,237.016,46.6,21.453,15.957,45229.245,,156.139,8.31,28.2,33.1,,8,81.33,0.936
Germany,2020-08-03,212111,891,714.143,9154,0,4.143,2531.643,10.634,8.524,109.257,0,0.049,1.23,263,3.139,,,,,,,,,,,86459,1.032,,,tests performed,,,57.87,83783945,237.016,46.6,21.453,15.957,45229.245,,156.139,8.31,28.2,33.1,,8,81.33,0.936
Germany,2020-08-04,212828,717,731.571,9163,9,4.571,2540.2,8.558,8.732,109.365,0.107,0.055,1.24,258,3.079,,,,,,,,,,,89115,1.064,,,tests performed,,,57.87,83783945,237.016,46.6,21.453,15.957,45229.245,,156.139,8.31,28.2,33.1,,8,81.33,0.936
Germany,2020-08-05,214113,1285,795.286,9179,16,6.286,2555.537,15.337,9.492,109.556,0.191,0.075,1.26,238,2.841,,,,,,,,,,,91771,1.095,,,tests performed,,,57.87,83783945,237.016,46.6,21.453,15.957,45229.245,,156.139,8.31,28.2,33.1,,8,81.33,0.936
Germany,2020-08-06,215039,926,786.286,9181,2,5.286,2566.59,11.052,9.385,109.579,0.024,0.063,1.25,236,2.817,,,,,,,,,,,94427,1.127,,,tests performed,,,57.87,83783945,237.016,46.6,21.453,15.957,45229.245,,156.139,8.31,28.2,33.1,,8,81.33,0.936
Germany,2020-08-07,216196,1157,828.143,9195,14,6.857,2580.399,13.809,9.884,109.747,0.167,0.082,1.24,226,2.697,,,,,,,,,,,97083,1.159,,,tests performed,,,59.72,83783945,237.016,46.6,21.453,15.957,45229.245,,156.139,8.31,28.2,33.1,,8,81.33,0.936
Germany,2020-08-08,216903,707,842.571,9201,6,6.714,2588.837,8.438,10.056,109.818,0.072,0.08,1.22,228,2.721,,,,,,,,,,,99739,1.19,,,tests performed,,,56.94,83783945,237.016,46.6,21.453,15.957,45229.245,,156.139,8.31,28.2,33.1,,8,81.33,0.936
Germany,2020-08-09,217288,385,866.857,9202,1,6.857,2593.432,4.595,10.346,109.83,0.012,0.082,1.22,234,2.793,,,,,294.69,3.517,,9293115,110.918,,102395,1.222,0.01,100,tests performed,,,56.94,83783945,237.016,46.6,21.453,15.957,45229.245,,156.139,8.31,28.2,33.1,,8,81.33,0.936
Germany,2020-08-10,218508,1220,913.857,9203,1,7,2607.994,14.561,10.907,109.842,0.012,0.084,1.24,227,2.709,,,,,,,,,,,104816,1.251,,,tests performed,,,56.94,83783945,237.016,46.6,21.453,15.957,45229.245,,156.139,8.31,28.2,33.1,,8,81.33,0.936
Germany,2020-08-11,219540,1032,958.857,9208,5,6.429,2620.311,12.317,11.444,109.902,0.06,0.077,1.24,230,2.745,,,,,,,,,,,107237,1.28,,,tests performed,,,56.94,83783945,237.016,46.6,21.453,15.957,45229.245,,156.139,8.31,28.2,33.1,,8,81.33,0.936
Germany,2020-08-12,220859,1319,963.714,9213,5,4.857,2636.054,15.743,11.502,109.961,0.06,0.058,1.25,220,2.626,,,,,,,,,,,109658,1.309,,,tests performed,,,56.94,83783945,237.016,46.6,21.453,15.957,45229.245,,156.139,8.31,28.2,33.1,,8,81.33,0.936
Germany,2020-08-13,222281,1422,1034.571,9217,4,5.143,2653.026,16.972,12.348,110.009,0.048,0.061,1.24,223,2.662,,,,,,,,,,,112078,1.338,,,tests performed,,,56.94,83783945,237.016,46.6,21.453,15.957,45229.245,,156.139,8.31,28.2,33.1,,8,81.33,0.936
Germany,2020-08-14,223791,1510,1085,9230,13,5,2671.049,18.023,12.95,110.164,0.155,0.06,1.22,230,2.745,,,,,,,,,,,114499,1.367,,,tests performed,,,56.94,83783945,237.016,46.6,21.453,15.957,45229.245,,156.139,8.31,28.2,33.1,,8,81.33,0.936
Germany,2020-08-15,224488,697,1083.571,9235,5,4.857,2679.368,8.319,12.933,110.224,0.06,0.058,1.2,228,2.721,,,,,,,,,,,116920,1.395,,,tests performed,,,56.94,83783945,237.016,46.6,21.453,15.957,45229.245,,156.139,8.31,28.2,33.1,,8,81.33,0.936
Germany,2020-08-16,225007,519,1102.714,9235,0,4.714,2685.562,6.195,13.161,110.224,0,0.056,1.19,224,2.674,,,,,329.003,3.927,,10128499,120.888,,119341,1.424,0.01,100,tests performed,,,56.94,83783945,237.016,46.6,21.453,15.957,45229.245,,156.139,8.31,28.2,33.1,,8,81.33,0.936
Germany,2020-08-17,226700,1693,1170.286,9236,1,4.714,2705.769,20.207,13.968,110.236,0.012,0.056,1.2,226,2.697,,,,,,,,,,,124423,1.485,,,tests performed,,,56.94,83783945,237.016,46.6,21.453,15.957,45229.245,,156.139,8.31,28.2,33.1,,8,81.33,0.936
Germany,2020-08-18,228120,1420,1225.714,9241,5,4.714,2722.717,16.948,14.629,110.296,0.06,0.056,1.2,219,2.614,,,,,,,,,,,129506,1.546,,,tests performed,,,56.94,83783945,237.016,46.6,21.453,15.957,45229.245,,156.139,8.31,28.2,33.1,,8,81.33,0.936
Germany,2020-08-19,229706,1586,1263.857,9249,8,5.143,2741.647,18.93,15.085,110.391,0.095,0.061,1.19,226,2.697,,,,,,,,,,,134589,1.606,,,tests performed,,,56.94,83783945,237.016,46.6,21.453,15.957,45229.245,,156.139,8.31,28.2,33.1,,8,81.33,0.936
Germany,2020-08-20,231292,1586,1287.286,9263,14,6.571,2760.577,18.93,15.364,110.558,0.167,0.078,1.17,229,2.733,,,,,,,,,,,139672,1.667,,,tests performed,,,56.94,83783945,237.016,46.6,21.453,15.957,45229.245,,156.139,8.31,28.2,33.1,,8,81.33,0.936
Germany,2020-08-21,233029,1737,1319.714,9266,3,5.143,2781.309,20.732,15.751,110.594,0.036,0.061,1.15,235,2.805,,,,,,,,,,,144755,1.728,,,tests performed,,,56.94,83783945,237.016,46.6,21.453,15.957,45229.245,,156.139,8.31,28.2,33.1,,8,81.33,0.936
Germany,2020-08-22,233861,832,1339,9272,6,5.286,2791.239,9.93,15.982,110.666,0.072,0.063,1.12,230,2.745,,,,,,,,,,,149838,1.788,,,tests performed,,,56.94,83783945,237.016,46.6,21.453,15.957,45229.245,,156.139,8.31,28.2,33.1,,8,81.33,0.936
Germany,2020-08-23,234494,633,1355.286,9275,3,5.714,2798.794,7.555,16.176,110.701,0.036,0.068,1.11,242,2.888,,,,,294.69,3.517,,11212945,133.832,,154921,1.849,0.008,125,tests performed,,,56.94,83783945,237.016,46.6,21.453,15.957,45229.245,,156.139,8.31,28.2,33.1,,8,81.33,0.936
Germany,2020-08-24,236122,1628,1346,9276,1,5.714,2818.225,19.431,16.065,110.713,0.012,0.068,1.11,243,2.9,,,,,,,,,,,155664,1.858,,,tests performed,,,59.72,83783945,237.016,46.6,21.453,15.957,45229.245,,156.139,8.31,28.2,33.1,,8,81.33,0.936
Germany,2020-08-25,237583,1461,1351.857,9281,5,5.714,2835.663,17.438,16.135,110.773,0.06,0.068,1.1,223,2.662,,,,,,,,,,,156408,1.867,,,tests performed,,,59.72,83783945,237.016,46.6,21.453,15.957,45229.245,,156.139,8.31,28.2,33.1,,8,81.33,0.936
Germany,2020-08-26,239010,1427,1329.143,9285,4,5.143,2852.695,17.032,15.864,110.821,0.048,0.061,1.09,225,2.685,,,,,,,,,,,157152,1.876,,,tests performed,,,59.72,83783945,237.016,46.6,21.453,15.957,45229.245,,156.139,8.31,28.2,33.1,,8,81.33,0.936
Germany,2020-08-27,240571,1561,1325.571,9290,5,3.857,2871.326,18.631,15.821,110.88,0.06,0.046,1.07,238,2.841,,,,,,,,,,,157895,1.885,,,tests performed,,,59.72,83783945,237.016,46.6,21.453,15.957,45229.245,,156.139,8.31,28.2,33.1,,8,81.33,0.936
Germany,2020-08-28,242126,1555,1299.571,9290,0,3.429,2889.885,18.56,15.511,110.88,0,0.041,1.06,234,2.793,,,,,,,,,,,158639,1.893,,,tests performed,,,59.72,83783945,237.016,46.6,21.453,15.957,45229.245,,156.139,8.31,28.2,33.1,,8,81.33,0.936
Germany,2020-08-29,242835,709,1282,9299,9,3.857,2898.348,8.462,15.301,110.988,0.107,0.046,1.04,239,2.853,,,,,,,,,,,159383,1.902,,,tests performed,,,59.72,83783945,237.016,46.6,21.453,15.957,45229.245,,156.139,8.31,28.2,33.1,,8,81.33,0.936
Germany,2020-08-30,243305,470,1258.714,9300,1,3.571,2903.957,5.61,15.023,111,0.012,0.043,1.03,243,2.9,,,,,275.515,3.288,,12333828,147.21,,160126,1.911,0.007,142.9,tests performed,,,59.72,83783945,237.016,46.6,21.453,15.957,45229.245,,156.139,8.31,28.2,33.1,,8,81.33,0.936
Germany,2020-08-31,244802,1497,1240,9303,3,3.857,2921.825,17.867,14.8,111.036,0.036,0.046,1.04,244,2.912,,,,,,,,,,,159135,1.899,,,tests performed,,,59.72,83783945,237.016,46.6,21.453,15.957,45229.245,,156.139,8.31,28.2,33.1,,8,81.33,0.936
Germany,2020-09-01,246015,1213,1204.571,9307,4,3.714,2936.302,14.478,14.377,111.083,0.048,0.044,1.05,233,2.781,,,,,,,,,,,158144,1.888,,,tests performed,,,59.72,83783945,237.016,46.6,21.453,15.957,45229.245,,156.139,8.31,28.2,33.1,,8,81.33,0.936
Germany,2020-09-02,247411,1396,1200.143,9322,15,5.286,2952.964,16.662,14.324,111.262,0.179,0.063,1.05,226,2.697,,,,,,,,,,,157153,1.876,,,tests performed,,,59.72,83783945,237.016,46.6,21.453,15.957,45229.245,,156.139,8.31,28.2,33.1,,8,81.33,0.936
Germany,2020-09-03,248840,1429,1181.286,9322,0,4.571,2970.02,17.056,14.099,111.262,0,0.055,1.06,221,2.638,,,,,,,,,,,156161,1.864,,,tests performed,,,57.87,83783945,237.016,46.6,21.453,15.957,45229.245,,156.139,8.31,28.2,33.1,,8,81.33,0.936
Germany,2020-09-04,250283,1443,1165.286,9327,5,5.286,2987.243,17.223,13.908,111.322,0.06,0.063,1.06,223,2.662,,,,,,,,,,,155170,1.852,,,tests performed,,,49.54,83783945,237.016,46.6,21.453,15.957,45229.245,,156.139,8.31,28.2,33.1,,8,81.33,0.936
Germany,2020-09-05,251058,775,1174.714,9329,2,4.286,2996.493,9.25,14.021,111.346,0.024,0.051,1.05,220,2.626,,,,,,,,,,,154179,1.84,,,tests performed,,,49.54,83783945,237.016,46.6,21.453,15.957,45229.245,,156.139,8.31,28.2,33.1,,8,81.33,0.936
Germany,2020-09-06,251728,670,1203.286,9330,1,4.286,3004.49,7.997,14.362,111.358,0.012,0.051,1.06,216,2.578,,,,,302.763,3.614,,13406144,160.009,,153188,1.828,0.008,125,tests performed,,,49.54,83783945,237.016,46.6,21.453,15.957,45229.245,,156.139,8.31,28.2,33.1,,8,81.33,0.936
Germany,2020-09-07,253626,1898,1260.571,9331,1,4,3027.143,22.654,15.046,111.37,0.012,0.048,1.09,227,2.709,,,,,,,,,,,155078,1.851,,,tests performed,,,49.54,83783945,237.016,46.6,21.453,15.957,45229.245,,156.139,8.31,28.2,33.1,,8,81.33,0.936
Germany,2020-09-08,254957,1331,1277.429,9336,5,4.143,3043.029,15.886,15.247,111.429,0.06,0.049,1.09,229,2.733,,,,,,,,,,,156968,1.873,,,tests performed,,,49.54,83783945,237.016,46.6,21.453,15.957,45229.245,,156.139,8.31,28.2,33.1,,8,81.33,0.936
Germany,2020-09-09,256433,1476,1288.857,9342,6,2.857,3060.646,17.617,15.383,111.501,0.072,0.034,1.1,225,2.685,,,,,,,,,,,158858,1.896,,,tests performed,,,49.54,83783945,237.016,46.6,21.453,15.957,45229.245,,156.139,8.31,28.2,33.1,,8,81.33,0.936
Germany,2020-09-10,258149,1716,1329.857,9345,3,3.286,3081.127,20.481,15.872,111.537,0.036,0.039,1.11,230,2.745,,,,,,,,,,,160748,1.919,,,tests performed,,,49.54,83783945,237.016,46.6,21.453,15.957,45229.245,,156.139,8.31,28.2,33.1,,8,81.33,0.936
Germany,2020-09-11,259735,1586,1350.286,9348,3,3,3100.057,18.93,16.116,111.573,0.036,0.036,1.11,218,2.602,,,,,,,,,,,162639,1.941,,,tests performed,,,49.54,83783945,237.016,46.6,21.453,15.957,45229.245,,156.139,8.31,28.2,33.1,,8,81.33,0.936
Germany,2020-09-12,260817,1082,1394.143,9352,4,3.286,3112.971,12.914,16.64,111.62,0.048,0.039,1.1,231,2.757,,,,,,,,,,,164529,1.964,,,tests performed,,,49.54,83783945,237.016,46.6,21.453,15.957,45229.245,,156.139,8.31,28.2,33.1,,8,81.33,0.936
Germany,2020-09-13,261737,920,1429.857,9354,2,3.429,3123.952,10.981,17.066,111.644,0.024,0.041,1.11,234,2.793,,,,,379.464,4.529,,14571076,173.913,,166419,1.986,0.009,111.1,tests performed,,,49.54,83783945,237.016,46.6,21.453,15.957,45229.245,,156.139,8.31,28.2,33.1,,8,81.33,0.936
Germany,2020-09-14,263222,1485,1370.857,9356,2,3.571,3141.676,17.724,16.362,111.668,0.024,0.043,1.13,233,2.781,,,,,,,,,,,166044,1.982,,,tests performed,,,49.54,83783945,237.016,46.6,21.453,15.957,45229.245,,156.139,8.31,28.2,33.1,,8,81.33,0.936
Germany,2020-09-15,265014,1792,1436.714,9367,11,4.429,3163.064,21.388,17.148,111.799,0.131,0.053,1.14,232,2.769,,,,,,,,,,,165669,1.977,,,tests performed,,,49.54,83783945,237.016,46.6,21.453,15.957,45229.245,,156.139,8.31,28.2,33.1,,8,81.33,0.936
Germany,2020-09-16,266869,1855,1490.857,9373,6,4.429,3185.205,22.14,17.794,111.871,0.072,0.053,1.15,228,2.721,,,,,,,,,,,165294,1.973,,,tests performed,,,49.54,83783945,237.016,46.6,21.453,15.957,45229.245,,156.139,8.31,28.2,33.1,,8,81.33,0.936
Germany,2020-09-17,269048,2179,1557,9376,3,4.429,3211.212,26.007,18.584,111.907,0.036,0.053,1.16,234,2.793,,,,,,,,,,,164920,1.968,,,tests performed,,,49.54,83783945,237.016,46.6,21.453,15.957,45229.245,,156.139,8.31,28.2,33.1,,8,81.33,0.936
Germany,2020-09-18,271247,2199,1644.571,9386,10,5.429,3237.458,26.246,19.629,112.026,0.119,0.065,1.15,243,2.9,,,,,,,,,,,164545,1.964,,,tests performed,,,49.54,83783945,237.016,46.6,21.453,15.957,45229.245,,156.139,8.31,28.2,33.1,,8,81.33,0.936
Germany,2020-09-19,272932,1685,1730.714,9388,2,5.143,3257.569,20.111,20.657,112.05,0.024,0.061,1.14,253,3.02,,,,,,,,,,,164170,1.959,,,tests performed,,,49.54,83783945,237.016,46.6,21.453,15.957,45229.245,,156.139,8.31,28.2,33.1,,8,81.33,0.936
Germany,2020-09-20,273965,1033,1746.857,9390,2,5.143,3269.899,12.329,20.85,112.074,0.024,0.061,1.13,265,3.163,,,,,537.91,6.42,,15717641,187.597,,163795,1.955,0.012,83.3,tests performed,,,49.54,83783945,237.016,46.6,21.453,15.957,45229.245,,156.139,8.31,28.2,33.1,,8,81.33,0.936
Germany,2020-09-21,275560,1595,1762.571,9390,0,4.857,3288.936,19.037,21.037,112.074,0,0.058,1.14,265,3.163,,,,,,,,,,,163987,1.957,,,tests performed,,,49.54,83783945,237.016,46.6,21.453,15.957,45229.245,,156.139,8.31,28.2,33.1,,8,81.33,0.936
Germany,2020-09-22,277412,1852,1771.143,9405,15,5.429,3311.04,22.104,21.139,112.253,0.179,0.065,1.15,274,3.27,,,,,,,,,,,164180,1.96,,,tests performed,,,49.54,83783945,237.016,46.6,21.453,15.957,45229.245,,156.139,8.31,28.2,33.1,,8,81.33,0.936
Germany,2020-09-23,279025,1613,1736.571,9423,18,7.143,3330.292,19.252,20.727,112.468,0.215,0.085,1.15,289,3.449,,,,,,,,,,,164372,1.962,,,tests performed,,,49.54,83783945,237.016,46.6,21.453,15.957,45229.245,,156.139,8.31,28.2,33.1,,8,81.33,0.936
Germany,2020-09-24,281346,2321,1756.857,9436,13,8.571,3357.994,27.702,20.969,112.623,0.155,0.102,1.17,291,3.473,,,,,,,,,,,164565,1.964,,,tests performed,,,49.54,83783945,237.016,46.6,21.453,15.957,45229.245,,156.139,8.31,28.2,33.1,,8,81.33,0.936
Germany,2020-09-25,283712,2366,1780.714,9451,15,9.286,3386.233,28.239,21.254,112.802,0.179,0.111,1.17,297,3.545,,,,,,,,,,,164757,1.966,,,tests performed,,,49.54,83783945,237.016,46.6,21.453,15.957,45229.245,,156.139,8.31,28.2,33.1,,8,81.33,0.936
Germany,2020-09-26,285026,1314,1727.714,9459,8,10.143,3401.917,15.683,20.621,112.898,0.095,0.121,1.17,309,3.688,,,,,,,,,,,164950,1.969,,,tests performed,,,49.54,83783945,237.016,46.6,21.453,15.957,45229.245,,156.139,8.31,28.2,33.1,,8,81.33,0.936
Germany,2020-09-27,286339,1313,1767.714,9464,5,10.571,3417.588,15.671,21.098,112.957,0.06,0.126,1.18,324,3.867,,,,,575.251,6.866,,16873636,201.395,,165142,1.971,0.012,83.3,tests performed,,,49.54,83783945,237.016,46.6,21.453,15.957,45229.245,,156.139,8.31,28.2,33.1,,8,81.33,0.936
Germany,2020-09-28,288631,2292,1867.286,9468,4,11.143,3444.944,27.356,22.287,113.005,0.048,0.133,1.2,352,4.201,,,,,,,,,,,164264,1.961,,,tests performed,,,49.54,83783945,237.016,46.6,21.453,15.957,45229.245,,156.139,8.31,28.2,33.1,,8,81.33,0.936
Germany,2020-09-29,290471,1840,1865.571,9483,15,11.143,3466.905,21.961,22.266,113.184,0.179,0.133,1.21,351,4.189,,,,,,,,,,,163386,1.95,,,tests performed,,,49.54,83783945,237.016,46.6,21.453,15.957,45229.245,,156.139,8.31,28.2,33.1,,8,81.33,0.936
Germany,2020-09-30,292913,2442,1984,9495,12,10.286,3496.052,29.146,23.68,113.327,0.143,0.123,1.23,354,4.225,,,,,,,,,,,162508,1.94,,,tests performed,,,49.54,83783945,237.016,46.6,21.453,15.957,45229.245,,156.139,8.31,28.2,33.1,,8,81.33,0.936
Germany,2020-10-01,295539,2626,2027.571,9509,14,10.429,3527.394,31.343,24.2,113.494,0.167,0.124,1.25,360,4.297,,,,,,,,,,,161630,1.929,,,tests performed,,,49.54,83783945,237.016,46.6,21.453,15.957,45229.245,,156.139,8.31,28.2,33.1,,8,81.33,0.936
Germany,2020-10-02,298374,2835,2094.571,9518,9,9.571,3561.231,33.837,25,113.602,0.107,0.114,1.26,370,4.416,,,,,,,,,,,160752,1.919,,,tests performed,,,49.54,83783945,237.016,46.6,21.453,15.957,45229.245,,156.139,8.31,28.2,33.1,,8,81.33,0.936
Germany,2020-10-03,300027,1653,2143,9531,13,10.286,3580.961,19.729,25.578,113.757,0.155,0.123,1.27,401,4.786,,,,,,,,,,,159873,1.908,,,tests performed,,,49.54,83783945,237.016,46.6,21.453,15.957,45229.245,,156.139,8.31,28.2,33.1,,8,81.33,0.936
Germany,2020-10-04,301573,1546,2176.286,9533,2,9.857,3599.413,18.452,25.975,113.781,0.024,0.118,1.29,422,5.037,,,,,776.084,9.263,,17986603,214.678,,158995,1.898,0.017,58.8,tests performed,,,49.54,83783945,237.016,46.6,21.453,15.957,45229.245,,156.139,8.31,28.2,33.1,,8,81.33,0.936
Germany,2020-10-05,304673,3100,2291.714,9554,21,12.286,3636.413,37,27.353,114.031,0.251,0.147,1.33,444,5.299,,,,,,,,,,,160533,1.916,,,tests performed,,,49.54,83783945,237.016,46.6,21.453,15.957,45229.245,,156.139,8.31,28.2,33.1,,8,81.33,0.936
Germany,2020-10-06,307127,2454,2379.429,9566,12,11.857,3665.702,29.29,28.4,114.175,0.143,0.142,1.36,448,5.347,,,,,,,,,,,162072,1.934,,,tests performed,,,49.54,83783945,237.016,46.6,21.453,15.957,45229.245,,156.139,8.31,28.2,33.1,,8,81.33,0.936
Germany,2020-10-07,311137,4010,2603.429,9582,16,12.429,3713.563,47.861,31.073,114.366,0.191,0.148,1.39,470,5.61,,,,,,,,,,,163610,1.953,,,tests performed,,,49.54,83783945,237.016,46.6,21.453,15.957,45229.245,,156.139,8.31,28.2,33.1,,8,81.33,0.936
Germany,2020-10-08,315941,4804,2914.571,9594,12,12.143,3770.901,57.338,34.787,114.509,0.143,0.145,1.41,487,5.813,,,,,,,,,,,165148,1.971,,,tests performed,,,49.54,83783945,237.016,46.6,21.453,15.957,45229.245,,156.139,8.31,28.2,33.1,,8,81.33,0.936
Germany,2020-10-09,320495,4554,3160.143,9599,5,11.571,3825.256,54.354,37.718,114.568,0.06,0.138,1.42,510,6.087,,,,,,,,,,,166686,1.989,,,tests performed,,,49.54,83783945,237.016,46.6,21.453,15.957,45229.245,,156.139,8.31,28.2,33.1,,8,81.33,0.936
Germany,2020-10-10,323463,2968,3348,9620,21,12.714,3860.68,35.424,39.96,114.819,0.251,0.152,1.42,531,6.338,,,,,,,,,,,168224,2.008,,,tests performed,,,49.54,83783945,237.016,46.6,21.453,15.957,45229.245,,156.139,8.31,28.2,33.1,,8,81.33,0.936
Germany,2020-10-11,326309,2846,3533.714,9626,6,13.286,3894.648,33.968,42.177,114.891,0.072,0.159,1.43,545,6.505,,,,,1231.238,14.695,,19174941,228.862,,169763,2.026,0.025,40,tests performed,,,49.54,83783945,237.016,46.6,21.453,15.957,45229.245,,156.139,8.31,28.2,33.1,,8,81.33,0.936
Germany,2020-10-12,332850,6541,4025.286,9640,14,12.286,3972.718,78.07,48.044,115.058,0.167,0.147,1.46,589,7.03,,,,,,,,,,,171301,2.045,,,tests performed,,,49.54,83783945,237.016,46.6,21.453,15.957,45229.245,,156.139,8.31,28.2,33.1,,8,81.33,0.936
Germany,2020-10-13,337314,4464,4312.429,9682,42,16.571,4025.998,53.28,51.471,115.559,0.501,0.198,1.47,617,7.364,,,,,,,,,,,172839,2.063,,,tests performed,,,49.54,83783945,237.016,46.6,21.453,15.957,45229.245,,156.139,8.31,28.2,33.1,,8,81.33,0.936
Germany,2020-10-14,344487,7173,4764.286,9716,34,19.143,4111.611,85.613,56.864,115.965,0.406,0.228,1.48,601,7.173,,,,,,,,,,,174378,2.081,,,tests performed,,,49.54,83783945,237.016,46.6,21.453,15.957,45229.245,,156.139,8.31,28.2,33.1,,8,81.33,0.936
Germany,2020-10-15,352107,7620,5166.571,9739,23,20.714,4202.559,90.948,61.665,116.239,0.275,0.247,1.48,651,7.77,,,,,,,,,,,175916,2.1,,,tests performed,,,58.8,83783945,237.016,46.6,21.453,15.957,45229.245,,156.139,8.31,28.2,33.1,,8,81.33,0.936
Germany,2020-10-16,359802,7695,5615.286,9773,34,24.857,4294.403,91.843,67.021,116.645,0.406,0.297,1.47,688,8.212,,,,,,,,,,,177454,2.118,,,tests performed,,,58.8,83783945,237.016,46.6,21.453,15.957,45229.245,,156.139,8.31,28.2,33.1,,8,81.33,0.936
Germany,2020-10-17,364664,4862,5885.857,9785,12,23.571,4352.433,58.03,70.25,116.788,0.143,0.281,1.45,726,8.665,,,,,,,,,,,178993,2.136,,,tests performed,,,58.8,83783945,237.016,46.6,21.453,15.957,45229.245,,156.139,8.31,28.2,33.1,,8,81.33,0.936
Germany,2020-10-18,368671,4007,6051.714,9798,13,24.571,4400.258,47.825,72.23,116.944,0.155,0.293,1.45,766,9.143,,,,,1798.415,21.465,,20438657,243.945,,180531,2.155,0.035,28.6,tests performed,,,58.8,83783945,237.016,46.6,21.453,15.957,45229.245,,156.139,8.31,28.2,33.1,,8,81.33,0.936
Germany,2020-10-19,377068,8397,6316.857,9842,44,28.857,4500.48,100.222,75.395,117.469,0.525,0.344,1.46,846,10.097,,,,,,,,,,,183694,2.192,,,tests performed,,,58.8,83783945,237.016,46.6,21.453,15.957,45229.245,,156.139,8.31,28.2,33.1,,8,81.33,0.936
Germany,2020-10-20,385591,8523,6896.714,9882,40,28.571,4602.206,101.726,82.315,117.946,0.477,0.341,1.47,875,10.444,,,,,,,,,,,186858,2.23,,,tests performed,,,58.8,83783945,237.016,46.6,21.453,15.957,45229.245,,156.139,8.31,28.2,33.1,,8,81.33,0.936
Germany,2020-10-21,397922,12331,7633.571,9911,29,27.857,4749.382,147.176,91.11,118.292,0.346,0.332,1.48,940,11.219,,,,,,,,,,,190021,2.268,,,tests performed,,,58.8,83783945,237.016,46.6,21.453,15.957,45229.245,,156.139,8.31,28.2,33.1,,8,81.33,0.936
Germany,2020-10-22,403874,5952,7395.286,9960,49,31.571,4820.422,71.04,88.266,118.877,0.585,0.377,1.46,1025,12.234,,,,,,,,,,,193185,2.306,,,tests performed,,,60.65,83783945,237.016,46.6,21.453,15.957,45229.245,,156.139,8.31,28.2,33.1,,8,81.33,0.936
Germany,2020-10-23,417350,13476,8221.143,9978,18,29.286,4981.265,160.842,98.123,119.092,0.215,0.35,1.47,1116,13.32,,,,,,,,,,,196348,2.344,,,tests performed,,,60.65,83783945,237.016,46.6,21.453,15.957,45229.245,,156.139,8.31,28.2,33.1,,8,81.33,0.936
Germany,2020-10-24,427808,10458,9020.571,10035,57,35.714,5106.086,124.821,107.665,119.772,0.68,0.426,1.46,1193,14.239,,,,,,,,,,,199512,2.381,,,tests performed,,,60.65,83783945,237.016,46.6,21.453,15.957,45229.245,,156.139,8.31,28.2,33.1,,8,81.33,0.936
Germany,2020-10-25,437698,9890,9861,10062,27,37.714,5224.127,118.042,117.696,120.095,0.322,0.45,1.45,1286,15.349,,,,,2752.12,32.848,,21857383,260.878,,202675,2.419,0.055,18.2,tests performed,,,60.65,83783945,237.016,46.6,21.453,15.957,45229.245,,156.139,8.31,28.2,33.1,,8,81.33,0.936
Germany,2020-10-26,450258,12560,10455.714,10091,29,35.571,5374.037,149.909,124.794,120.441,0.346,0.425,1.45,1352,16.137,,,,,,,,,,,207014,2.471,,,tests performed,,,60.65,83783945,237.016,46.6,21.453,15.957,45229.245,,156.139,8.31,28.2,33.1,,8,81.33,0.936
Germany,2020-10-27,463419,13161,11118.286,10121,30,34.143,5531.119,157.083,132.702,120.799,0.358,0.408,1.44,1462,17.45,,,,,,,,,,,211353,2.523,,,tests performed,,,60.65,83783945,237.016,46.6,21.453,15.957,45229.245,,156.139,8.31,28.2,33.1,,8,81.33,0.936
Germany,2020-10-28,479621,16202,11671.286,10218,97,43.857,5724.498,193.378,139.302,121.957,1.158,0.523,1.44,1563,18.655,,,,,,,,,,,215693,2.574,,,tests performed,,,60.65,83783945,237.016,46.6,21.453,15.957,45229.245,,156.139,8.31,28.2,33.1,,8,81.33,0.936
Germany,2020-10-29,498354,18733,13497.143,10305,87,49.286,5948.085,223.587,161.095,122.995,1.038,0.588,1.43,1689,20.159,,,,,,,,,,,220032,2.626,,,tests performed,,,60.65,83783945,237.016,46.6,21.453,15.957,45229.245,,156.139,8.31,28.2,33.1,,8,81.33,0.936
Germany,2020-10-30,517736,19382,14340.857,10391,86,59,6179.418,231.333,171.165,124.021,1.026,0.704,1.41,1832,21.866,,,,,,,,,,,224371,2.678,,,tests performed,,,60.65,83783945,237.016,46.6,21.453,15.957,45229.245,,156.139,8.31,28.2,33.1,,8,81.33,0.936
Germany,2020-10-31,531790,14054,14854.571,10483,92,64,6347.159,167.741,177.296,125.119,1.098,0.764,1.37,1935,23.095,,,,,,,,,,,228710,2.73,,,tests performed,,,60.65,83783945,237.016,46.6,21.453,15.957,45229.245,,156.139,8.31,28.2,33.1,,8,81.33,0.936
Germany,2020-11-01,544346,12556,15235.429,10513,30,64.429,6497.02,149.862,181.842,125.478,0.358,0.769,1.35,2056,24.539,,,,,3804.727,45.411,,23488726,280.349,,233049,2.782,0.072,13.9,tests performed,,,60.65,83783945,237.016,46.6,21.453,15.957,45229.245,,156.139,8.31,28.2,33.1,,8,81.33,0.936
Germany,2020-11-02,569598,25252,17048.571,10669,156,82.571,6798.415,301.394,203.483,127.339,1.862,0.986,1.34,2234,26.664,,,,,,,,,,,232575,2.776,,,tests performed,,,62.04,83783945,237.016,46.6,21.453,15.957,45229.245,,156.139,8.31,28.2,33.1,,8,81.33,0.936
Germany,2020-11-03,577131,7533,16244.571,10717,48,85.143,6888.324,89.91,193.886,127.912,0.573,1.016,1.32,2374,28.335,,,,,,,,,,,232101,2.77,,,tests performed,,,62.04,83783945,237.016,46.6,21.453,15.957,45229.245,,156.139,8.31,28.2,33.1,,8,81.33,0.936
Germany,2020-11-04,608611,31480,18427.143,10949,232,104.429,7264.053,375.728,219.936,130.681,2.769,1.246,1.31,2542,30.34,,,,,,,,,,,231627,2.765,,,tests performed,,,62.04,83783945,237.016,46.6,21.453,15.957,45229.245,,156.139,8.31,28.2,33.1,,8,81.33,0.936
Germany,2020-11-05,631172,22561,18974,11110,161,115,7533.329,269.276,226.463,132.603,1.922,1.373,1.28,2647,31.593,,,,,,,,,,,231154,2.759,,,tests performed,,,62.04,83783945,237.016,46.6,21.453,15.957,45229.245,,156.139,8.31,28.2,33.1,,8,81.33,0.936
Germany,2020-11-06,653992,22820,19465.143,11240,130,121.286,7805.696,272.367,232.325,134.155,1.552,1.448,1.24,2745,32.763,,,,,,,,,,,230680,2.753,,,tests performed,,,62.04,83783945,237.016,46.6,21.453,15.957,45229.245,,156.139,8.31,28.2,33.1,,8,81.33,0.936
Germany,2020-11-07,668114,14122,19474.857,11306,66,117.571,7974.249,168.553,232.441,134.942,0.788,1.403,1.2,2830,33.777,,,,,,,,,,,230206,2.748,,,tests performed,,,62.04,83783945,237.016,46.6,21.453,15.957,45229.245,,156.139,8.31,28.2,33.1,,8,81.33,0.936
Germany,2020-11-08,682624,14510,19754,11372,66,122.714,8147.432,173.184,235.773,135.73,0.788,1.465,1.17,2897,34.577,,,,,4280.066,51.085,,25096851,299.542,,229732,2.742,0.078,12.8,tests performed,,,62.04,83783945,237.016,46.6,21.453,15.957,45229.245,,156.139,8.31,28.2,33.1,,8,81.33,0.936
Germany,2020-11-09,689146,6522,17078.286,11408,36,105.571,8225.275,77.843,203.837,136.16,0.43,1.26,1.16,3001,35.818,,,,,,,,,,,225940,2.697,,,tests performed,,,62.04,83783945,237.016,46.6,21.453,15.957,45229.245,,156.139,8.31,28.2,33.1,,8,81.33,0.936
Germany,2020-11-10,715693,26547,19794.571,11781,373,152,8542.126,316.851,236.257,140.612,4.452,1.814,1.16,3053,36.439,,,,,,,,,,,222147,2.651,,,tests performed,,,64.81,83783945,237.016,46.6,21.453,15.957,45229.245,,156.139,8.31,28.2,33.1,,8,81.33,0.936
Germany,2020-11-11,738094,22401,18497.571,11994,213,149.286,8809.492,267.366,220.777,143.154,2.542,1.782,1.15,3118,37.215,,,,,,,,,,,218355,2.606,,,tests performed,,,64.81,83783945,237.016,46.6,21.453,15.957,45229.245,,156.139,8.31,28.2,33.1,,8,81.33,0.936
Germany,2020-11-12,762832,24738,18808.571,12216,222,158,9104.752,295.259,224.489,145.804,2.65,1.886,1.13,3177,37.919,,,,,,,,,,,214563,2.561,,,tests performed,,,64.81,83783945,237.016,46.6,21.453,15.957,45229.245,,156.139,8.31,28.2,33.1,,8,81.33,0.936
Germany,2020-11-13,785093,22261,18728.714,12404,188,166.286,9370.447,265.695,223.536,148.047,2.244,1.985,1.11,3289,39.256,,,,,,,,,,,210771,2.516,,,tests performed,,,64.81,83783945,237.016,46.6,21.453,15.957,45229.245,,156.139,8.31,28.2,33.1,,8,81.33,0.936
Germany,2020-11-14,799733,14640,18802.714,12511,107,172.143,9545.182,174.735,224.419,149.325,1.277,2.055,1.08,3315,39.566,,,,,,,,,,,206978,2.47,,,tests performed,,,64.81,83783945,237.016,46.6,21.453,15.957,45229.245,,156.139,8.31,28.2,33.1,,8,81.33,0.936
Germany,2020-11-15,802946,3213,17188.857,12573,62,171.571,9583.531,38.349,205.157,150.065,0.74,2.048,1.06,3376,40.294,,,,,4743.294,56.613,,26519152,316.518,,203186,2.425,0.089,11.2,tests performed,,,64.81,83783945,237.016,46.6,21.453,15.957,45229.245,,156.139,8.31,28.2,33.1,,8,81.33,0.936
Germany,2020-11-16,817526,14580,18340,12833,260,203.571,9757.55,174.019,218.896,153.168,3.103,2.43,1.07,3425,40.879,,,,,,,,,,,202613,2.418,,,tests performed,,,64.81,83783945,237.016,46.6,21.453,15.957,45229.245,,156.139,8.31,28.2,33.1,,8,81.33,0.936
Germany,2020-11-17,843757,26231,18294.857,13138,305,193.857,10070.629,313.079,218.358,156.808,3.64,2.314,1.08,3507,41.858,,,,,,,,,,,202041,2.411,,,tests performed,,,64.81,83783945,237.016,46.6,21.453,15.957,45229.245,,156.139,8.31,28.2,33.1,,8,81.33,0.936
Germany,2020-11-18,867484,23727,18484.286,13390,252,199.429,10353.821,283.193,220.618,159.816,3.008,2.38,1.08,3551,42.383,,,,,,,,,,,201469,2.405,,,tests performed,,,64.81,83783945,237.016,46.6,21.453,15.957,45229.245,,156.139,8.31,28.2,33.1,,8,81.33,0.936
Germany,2020-11-19,891525,24041,18384.714,13662,272,206.571,10640.762,286.94,219.43,163.062,3.246,2.466,1.07,3581,42.741,,,,,,,,,,,200896,2.398,,,tests performed,,,64.81,83783945,237.016,46.6,21.453,15.957,45229.245,,156.139,8.31,28.2,33.1,,8,81.33,0.936
Germany,2020-11-20,914118,22593,18432.143,13918,256,216.286,10910.42,269.658,219.996,166.118,3.055,2.581,1.05,3603,43.003,,,,,,,,,,,200324,2.391,,,tests performed,,,64.81,83783945,237.016,46.6,21.453,15.957,45229.245,,156.139,8.31,28.2,33.1,,8,81.33,0.936
Germany,2020-11-21,927990,13872,18322.429,14061,143,221.429,11075.988,165.569,218.687,167.825,1.707,2.643,1.03,3621,43.218,,,,,,,,,,,199752,2.384,,,tests performed,,,64.81,83783945,237.016,46.6,21.453,15.957,45229.245,,156.139,8.31,28.2,33.1,,8,81.33,0.936
Germany,2020-11-22,932367,4377,18488.714,14159,98,226.571,11128.23,52.242,220.671,168.994,1.17,2.704,1.02,3696,44.113,,,,,4595.949,54.855,,27913407,333.159,,199179,2.377,0.092,10.9,tests performed,,,64.81,83783945,237.016,46.6,21.453,15.957,45229.245,,156.139,8.31,28.2,33.1,,8,81.33,0.936
Germany,2020-11-23,946822,14455,18470.857,14460,301,232.429,11300.757,172.527,220.458,172.587,3.593,2.774,1.03,3726,44.472,,,,,,,,,,,198747,2.372,,,tests performed,,,64.81,83783945,237.016,46.6,21.453,15.957,45229.245,,156.139,8.31,28.2,33.1,,8,81.33,0.936
Germany,2020-11-24,963192,16370,17062.143,14832,372,242,11496.14,195.383,203.645,177.027,4.44,2.888,1.04,3758,44.853,,,,,,,,,,,198314,2.367,,,tests performed,,,64.81,83783945,237.016,46.6,21.453,15.957,45229.245,,156.139,8.31,28.2,33.1,,8,81.33,0.936
Germany,2020-11-25,995879,32687,18342.143,15210,378,260,11886.275,390.134,218.922,181.538,4.512,3.103,1.06,3769,44.985,,,,,,,,,,,197881,2.362,,,tests performed,,,64.81,83783945,237.016,46.6,21.453,15.957,45229.245,,156.139,8.31,28.2,33.1,,8,81.33,0.936
Germany,2020-11-26,1017830,21951,18043.571,15640,430,282.571,12148.27,261.995,215.358,186.671,5.132,3.373,1.05,3815,45.534,,,,,,,,,,,197449,2.357,,,tests performed,,,64.81,83783945,237.016,46.6,21.453,15.957,45229.245,,156.139,8.31,28.2,33.1,,8,81.33,0.936
Germany,2020-11-27,1038649,20819,17790.143,16011,371,299,12396.755,248.484,212.334,191.099,4.428,3.569,1.03,3846,45.904,,,,,,,,,,,197016,2.351,,,tests performed,,,64.81,83783945,237.016,46.6,21.453,15.957,45229.245,,156.139,8.31,28.2,33.1,,8,81.33,0.936
Germany,2020-11-28,1052494,13845,17786.286,16181,170,302.857,12562.001,165.246,212.288,193.128,2.029,3.615,1.02,3880,46.31,,,,,,,,,,,196583,2.346,,,tests performed,,,64.81,83783945,237.016,46.6,21.453,15.957,45229.245,,156.139,8.31,28.2,33.1,,8,81.33,0.936
Germany,2020-11-29,1055691,3197,17617.714,16306,125,306.714,12600.159,38.158,210.276,194.62,1.492,3.661,1.01,3891,46.441,,,,,4818.985,57.517,,29286462,349.547,,196151,2.341,0.092,10.9,tests performed,,,64.81,83783945,237.016,46.6,21.453,15.957,45229.245,,156.139,8.31,28.2,33.1,,8,81.33,0.936
Germany,2020-11-30,1069912,14221,17584.286,16694,388,319.143,12769.893,169.734,209.877,199.251,4.631,3.809,1.03,3916,46.739,,,,,,,,,,,195477,2.333,,,tests performed,,,67.59,83783945,237.016,46.6,21.453,15.957,45229.245,,156.139,8.31,28.2,33.1,,8,81.33,0.936
Germany,2020-12-01,1094678,24766,18783.714,17177,483,335,13065.486,295.594,224.192,205.015,5.765,3.998,1.05,3912,46.692,,,,,,,,,,,194803,2.325,,,tests performed,,,67.59,83783945,237.016,46.6,21.453,15.957,45229.245,,156.139,8.31,28.2,33.1,,8,81.33,0.936
Germany,2020-12-02,1117953,23275,17439.143,17659,482,349.857,13343.284,277.798,208.144,210.768,5.753,4.176,1.06,3949,47.133,,,,,,,,,,,194128,2.317,,,tests performed,,,67.59,83783945,237.016,46.6,21.453,15.957,45229.245,,156.139,8.31,28.2,33.1,,8,81.33,0.936
Germany,2020-12-03,1141544,23591,17673.429,18097,438,351,13624.854,281.569,210.941,215.996,5.228,4.189,1.06,3971,47.396,,,,,,,,,,,193454,2.309,,,tests performed,,,67.59,83783945,237.016,46.6,21.453,15.957,45229.245,,156.139,8.31,28.2,33.1,,8,81.33,0.936
Germany,2020-12-04,1157514,15970,16980.714,18577,480,366.571,13815.463,190.609,202.673,221.725,5.729,4.375,1.06,4001,47.754,,,,,,,,,,,192780,2.301,,,tests performed,,,67.59,83783945,237.016,46.6,21.453,15.957,45229.245,,156.139,8.31,28.2,33.1,,8,81.33,0.936
Germany,2020-12-05,1183640,26126,18735.143,18839,262,379.714,14127.289,311.826,223.613,224.852,3.127,4.532,,4038,48.195,,,,,,,,,,,192106,2.293,,,tests performed,,,67.59,83783945,237.016,46.6,21.453,15.957,45229.245,,156.139,8.31,28.2,33.1,,8,81.33,0.936
Germany,2020-12-06,1194550,10910,19837,18989,150,383.286,14257.505,130.216,236.764,226.642,1.79,4.575,,4097,48.9,,,,,4771.552,56.951,,30626487,365.541,,191432,2.285,0.101,9.9,tests performed,,,67.59,83783945,237.016,46.6,21.453,15.957,45229.245,,156.139,8.31,28.2,33.1,,8,81.33,0.936
Germany,2020-12-07,1200006,5456,18584.857,19434,445,391.429,14322.625,65.12,221.819,231.954,5.311,4.672,,4167,49.735,,,,,,,,,,,194772,2.325,,,tests performed,,,67.59,83783945,237.016,46.6,21.453,15.957,45229.245,,156.139,8.31,28.2,33.1,,8,81.33,0.936
Germany,2020-12-08,1229269,29263,19227.286,20002,568,403.571,14671.892,349.267,229.487,238.733,6.779,4.817,,4238,50.582,,,,,,,,,,,198112,2.365,,,tests performed,,,67.59,83783945,237.016,46.6,21.453,15.957,45229.245,,156.139,8.31,28.2,33.1,,8,81.33,0.936
Germany,2020-12-09,1254358,25089,19486.429,20460,458,400.143,14971.341,299.449,232.58,244.2,5.466,4.776,,4259,50.833,,,,,,,,,,,201452,2.404,,,tests performed,,,67.59,83783945,237.016,46.6,21.453,15.957,45229.245,,156.139,8.31,28.2,33.1,,8,81.33,0.936
Germany,2020-12-10,1287092,32734,20792.571,21064,604,423.857,15362.036,390.695,248.169,251.409,7.209,5.059,,4319,51.549,,,,,,,,,,,204792,2.444,,,tests performed,,,67.59,83783945,237.016,46.6,21.453,15.957,45229.245,,156.139,8.31,28.2,33.1,,8,81.33,0.936
Germany,2020-12-11,1314309,27217,22399.286,21567,503,427.143,15686.884,324.847,267.346,257.412,6.004,5.098,,4414,52.683,,,,,,,,,,,208132,2.484,,,tests performed,,,67.59,83783945,237.016,46.6,21.453,15.957,45229.245,,156.139,8.31,28.2,33.1,,8,81.33,0.936
Germany,2020-12-12,1336101,21792,21780.143,21900,333,437.286,15946.981,260.098,259.956,261.387,3.975,5.219,,4475,53.411,,,,,,,,,,,211472,2.524,,,tests performed,,,67.59,83783945,237.016,46.6,21.453,15.957,45229.245,,156.139,8.31,28.2,33.1,,8,81.33,0.936
Germany,2020-12-13,1350810,14709,22322.857,22106,206,445.286,16122.54,175.559,266.434,263.845,2.459,5.315,,4541,54.199,,,,,4354.748,51.976,,32130172,383.488,,214812,2.564,0.113,8.8,tests performed,,,67.59,83783945,237.016,46.6,21.453,15.957,45229.245,,156.139,8.31,28.2,33.1,,8,81.33,0.936
Germany,2020-12-14,1357261,6451,22465,22634,528,457.143,16199.536,76.996,268.13,270.147,6.302,5.456,,4661,55.631,,,,,,,,,,,216333,2.582,,,tests performed,,,67.59,83783945,237.016,46.6,21.453,15.957,45229.245,,156.139,8.31,28.2,33.1,,8,81.33,0.936
Germany,2020-12-15,1391086,33825,23116.714,23544,910,506,16603.253,403.717,275.909,281.008,10.861,6.039,,4722,56.359,,,,,,,,,,,217854,2.6,,,tests performed,,,67.59,83783945,237.016,46.6,21.453,15.957,45229.245,,156.139,8.31,28.2,33.1,,8,81.33,0.936
Germany,2020-12-16,1423830,32744,24210.286,24273,729,544.714,16994.067,390.815,288.961,289.709,8.701,6.501,,4820,57.529,,,,,,,,,,,219375,2.618,,,tests performed,,,82.41,83783945,237.016,46.6,21.453,15.957,45229.245,,156.139,8.31,28.2,33.1,,8,81.33,0.936
Germany,2020-12-17,1454009,30179,23845.286,25027,754,566.143,17354.268,360.2,284.604,298.709,8.999,6.757,,4839,57.756,,,,,,,,,,,220896,2.636,,,tests performed,,,82.41,83783945,237.016,46.6,21.453,15.957,45229.245,,156.139,8.31,28.2,33.1,,8,81.33,0.936
Germany,2020-12-18,1486839,32830,24647.143,25754,727,598.143,17746.109,391.841,294.175,307.386,8.677,7.139,,4889,58.352,,,,,,,,,,,222417,2.655,,,tests performed,,,82.41,83783945,237.016,46.6,21.453,15.957,45229.245,,156.139,8.31,28.2,33.1,,8,81.33,0.936
Germany,2020-12-19,1508518,21679,24631,26171,417,610.143,18004.858,258.749,293.982,312.363,4.977,7.282,,4930,58.842,,,,,,,,,,,223938,2.673,,,tests performed,,,,83783945,237.016,46.6,21.453,15.957,45229.245,,156.139,8.31,28.2,33.1,,8,81.33,0.936
Germany,2020-12-20,1514962,6444,23450.286,26400,229,613.429,18081.77,76.912,279.89,315.096,2.733,7.322,,5018,59.892,,,,,2499.817,29.836,,33708381,402.325,,225458,2.691,0.117,8.5,tests performed,,,,83783945,237.016,46.6,21.453,15.957,45229.245,,156.139,8.31,28.2,33.1,,8,81.33,0.936
Germany,2020-12-21,1534218,19256,25279.571,27110,710,639.429,18311.599,229.829,301.723,323.57,8.474,7.632,,5157,61.551,,,,,,,,,,,,,,,,,,,83783945,237.016,46.6,21.453,15.957,45229.245,,156.139,8.31,28.2,33.1,,8,81.33,0.936
Germany,2020-12-22,1570371,36153,25612.143,28096,986,650.286,18743.102,431.503,305.693,335.339,11.768,7.761,,5202,62.088,,,,,,,,,,,,,,,,,,,83783945,237.016,46.6,21.453,15.957,45229.245,,156.139,8.31,28.2,33.1,,8,81.33,0.936
Germany,2020-12-23,1604129,33758,25757,28909,813,662.286,19146.019,402.917,307.422,345.042,9.704,7.905,,5226,62.375,,,,,,,,,,,,,,,,,,,83783945,237.016,46.6,21.453,15.957,45229.245,,156.139,8.31,28.2,33.1,,8,81.33,0.936
Germany,2020-12-24,1630596,26467,25226.714,29330,421,614.714,19461.915,315.896,301.092,350.067,5.025,7.337,,5330,63.616,,,,,,,,,,,,,,,,,,,83783945,237.016,46.6,21.453,15.957,45229.245,,156.139,8.31,28.2,33.1,,8,81.33,0.936
Germany,2020-12-25,1632736,2140,20842.429,29580,250,546.571,19487.457,25.542,248.764,353.051,2.984,6.524,,5364,64.022,,,,,,,,,,,,,,,,,,,83783945,237.016,46.6,21.453,15.957,45229.245,,156.139,8.31,28.2,33.1,,8,81.33,0.936
Germany,2020-12-26,1646240,13504,19674.571,29946,366,539.286,19648.633,161.176,234.825,357.419,4.368,6.437,,5520,65.884,,,,,,,,,,,,,,,,,,,83783945,237.016,46.6,21.453,15.957,45229.245,,156.139,8.31,28.2,33.1,,8,81.33,0.936
Germany,2020-12-27,1658639,12399,20525.286,30297,351,556.714,19796.621,147.988,244.979,361.609,4.189,6.645,,5546,66.194,,,,,,,,,,,,,,,,21566,0.03,,83783945,237.016,46.6,21.453,15.957,45229.245,,156.139,8.31,28.2,33.1,,8,81.33,0.936
Germany,2020-12-28,1672643,14004,19775,31145,848,576.429,19963.765,167.144,236.024,371.73,10.121,6.88,,,,,,,,,,,,,,,,,,,41962,0.05,,83783945,237.016,46.6,21.453,15.957,45229.245,,156.139,8.31,28.2,33.1,,8,81.33,0.936
Germany,2020-12-29,1692109,19466,17391.143,32267,1122,595.857,20196.101,232.336,207.571,385.122,13.392,7.112,,,,,,,,,,,,,,,,,,,78109,0.09,,83783945,237.016,46.6,21.453,15.957,45229.245,,156.139,8.31,28.2,33.1,,8,81.33,0.936
Germany,2020-12-30,1741153,49044,19574.857,33230,963,617.286,20781.464,585.363,233.635,396.615,11.494,7.368,,,,,,,,,,,,,,,,,,,131626,0.16,,83783945,237.016,46.6,21.453,15.957,45229.245,,156.139,8.31,28.2,33.1,,8,81.33,0.936